insert into producto (id, descripcion, stockactual, stockminimo, precio) values (1, 'Pasta - Shells, Medium, Dry', 232, 119, 112.77);
insert into producto (id, descripcion, stockactual, stockminimo, precio) values (2, 'Cheese - Perron Cheddar', 174, 60, 102.39);
insert into producto (id, descripcion, stockactual, stockminimo, precio) values (3, 'Lumpfish Black', 856, 188, 127.92);
insert into producto (id, descripcion, stockactual, stockminimo, precio) values (4, 'Fondant - Icing', 293, 44, 57.32);
insert into producto (id, descripcion, stockactual, stockminimo, precio) values (5, 'Milk - Chocolate 250 Ml', 796, 89, 73.66);
insert into producto (id, descripcion, stockactual, stockminimo, precio) values (6, 'Onions - Vidalia', 130, 158, 26.29);
insert into producto (id, descripcion, stockactual, stockminimo, precio) values (7, 'Salmon - Atlantic, Fresh, Whole', 214, 62, 131.12);
insert into producto (id, descripcion, stockactual, stockminimo, precio) values (8, 'Cake Circle, Foil, Scallop', 686, 79, 95.97);
insert into producto (id, descripcion, stockactual, stockminimo, precio) values (9, 'Squid - U - 10 Thailand', 261, 100, 68.42);
insert into producto (id, descripcion, stockactual, stockminimo, precio) values (10, 'Wine - Pinot Noir Stoneleigh', 681, 91, 26.71);
insert into producto (id, descripcion, stockactual, stockminimo, precio) values (11, 'Roe - Lump Fish, Red', 563, 114, 113.47);
insert into producto (id, descripcion, stockactual, stockminimo, precio) values (12, 'Table Cloth - 53x69 Colour', 104, 151, 83.16);
insert into producto (id, descripcion, stockactual, stockminimo, precio) values (13, 'Tahini Paste', 322, 143, 101.33);
insert into producto (id, descripcion, stockactual, stockminimo, precio) values (14, 'Syrup - Monin - Granny Smith', 657, 13, 95.65);
insert into producto (id, descripcion, stockactual, stockminimo, precio) values (15, 'Rhubarb', 287, 83, 122.86);
insert into producto (id, descripcion, stockactual, stockminimo, precio) values (16, 'Radish', 278, 74, 112.63);
insert into producto (id, descripcion, stockactual, stockminimo, precio) values (17, 'Foil - Round Foil', 146, 68, 51.69);
insert into producto (id, descripcion, stockactual, stockminimo, precio) values (18, 'Chocolate - Dark Callets', 984, 43, 73.18);
insert into producto (id, descripcion, stockactual, stockminimo, precio) values (19, 'Asparagus - Green, Fresh', 928, 18, 3.13);
insert into producto (id, descripcion, stockactual, stockminimo, precio) values (20, 'Red Snapper - Fresh, Whole', 330, 99, 21.48);
insert into producto (id, descripcion, stockactual, stockminimo, precio) values (21, 'Appetizer - Shrimp Puff', 40, 107, 88.63);
insert into producto (id, descripcion, stockactual, stockminimo, precio) values (22, 'Squash - Acorn', 76, 59, 45.72);
insert into producto (id, descripcion, stockactual, stockminimo, precio) values (23, 'Hinge W Undercut', 557, 87, 29.15);
insert into producto (id, descripcion, stockactual, stockminimo, precio) values (24, 'Shrimp - Black Tiger 13/15', 501, 44, 72.41);
insert into producto (id, descripcion, stockactual, stockminimo, precio) values (25, 'Nut - Hazelnut, Ground, Natural', 613, 28, 84.04);
insert into producto (id, descripcion, stockactual, stockminimo, precio) values (26, 'Sauce - Vodka Blush', 350, 163, 111.86);
insert into producto (id, descripcion, stockactual, stockminimo, precio) values (27, 'Veal - Leg', 301, 146, 37.51);
insert into producto (id, descripcion, stockactual, stockminimo, precio) values (28, 'Godiva White Chocolate', 387, 140, 2.78);
insert into producto (id, descripcion, stockactual, stockminimo, precio) values (29, 'V8 Pet', 271, 52, 56.07);
insert into producto (id, descripcion, stockactual, stockminimo, precio) values (30, 'Petite Baguette', 945, 192, 48.95);
insert into producto (id, descripcion, stockactual, stockminimo, precio) values (31, 'Vaccum Bag 10x13', 92, 22, 11.31);
insert into producto (id, descripcion, stockactual, stockminimo, precio) values (32, 'Gooseberry', 118, 169, 69.19);
insert into producto (id, descripcion, stockactual, stockminimo, precio) values (33, 'Chestnuts - Whole,canned', 423, 200, 18.14);
insert into producto (id, descripcion, stockactual, stockminimo, precio) values (34, 'Beans - Black Bean, Canned', 162, 15, 117.28);
insert into producto (id, descripcion, stockactual, stockminimo, precio) values (35, 'Bamboo Shoots - Sliced', 266, 161, 85.04);
insert into producto (id, descripcion, stockactual, stockminimo, precio) values (36, 'Langers - Ruby Red Grapfruit', 849, 12, 101.44);
insert into producto (id, descripcion, stockactual, stockminimo, precio) values (37, 'Bread - Dark Rye', 221, 183, 120.33);
insert into producto (id, descripcion, stockactual, stockminimo, precio) values (38, 'Cheese - Romano, Grated', 565, 98, 33.69);
insert into producto (id, descripcion, stockactual, stockminimo, precio) values (39, 'Yogurt - Assorted Pack', 276, 112, 19.28);
insert into producto (id, descripcion, stockactual, stockminimo, precio) values (40, 'Oysters - Smoked', 511, 187, 74.44);
insert into producto (id, descripcion, stockactual, stockminimo, precio) values (41, 'Chicken - Leg, Boneless', 969, 163, 116.73);
insert into producto (id, descripcion, stockactual, stockminimo, precio) values (42, 'Amarula Cream', 960, 164, 101.03);
insert into producto (id, descripcion, stockactual, stockminimo, precio) values (43, 'Mushroom - Porcini, Dry', 923, 121, 52.42);
insert into producto (id, descripcion, stockactual, stockminimo, precio) values (44, 'Rum - White, Gg White', 176, 141, 113.36);
insert into producto (id, descripcion, stockactual, stockminimo, precio) values (45, 'Croissant, Raw - Mini', 964, 148, 71.59);
insert into producto (id, descripcion, stockactual, stockminimo, precio) values (46, 'Chicken - Whole Roasting', 222, 175, 9.85);
insert into producto (id, descripcion, stockactual, stockminimo, precio) values (47, 'Sage - Rubbed', 375, 117, 45.32);
insert into producto (id, descripcion, stockactual, stockminimo, precio) values (48, 'Cheese - Stilton', 834, 57, 124.19);
insert into producto (id, descripcion, stockactual, stockminimo, precio) values (49, 'Lentils - Green, Dry', 793, 91, -1.53);
insert into producto (id, descripcion, stockactual, stockminimo, precio) values (50, 'Icecream - Dibs', 74, 88, 12.97);
insert into producto (id, descripcion, stockactual, stockminimo, precio) values (51, 'Basil - Dry, Rubbed', 825, 131, 42.94);
insert into producto (id, descripcion, stockactual, stockminimo, precio) values (52, 'Wine - Maipo Valle Cabernet', 547, 166, 78.63);
insert into producto (id, descripcion, stockactual, stockminimo, precio) values (53, 'Veal - Slab Bacon', 244, 167, 70.92);
insert into producto (id, descripcion, stockactual, stockminimo, precio) values (54, 'Hot Chocolate - Individual', 896, 124, 130.04);
insert into producto (id, descripcion, stockactual, stockminimo, precio) values (55, 'Crab - Meat Combo', 779, 31, 30.63);
insert into producto (id, descripcion, stockactual, stockminimo, precio) values (56, 'Chocolate Bar - Oh Henry', 806, 52, 38.92);
insert into producto (id, descripcion, stockactual, stockminimo, precio) values (57, 'Cake Slab', 576, 168, 22.8);
insert into producto (id, descripcion, stockactual, stockminimo, precio) values (58, 'Taro Root', 956, 34, 101.54);
insert into producto (id, descripcion, stockactual, stockminimo, precio) values (59, 'Jam - Strawberry, 20 Ml Jar', 933, 96, 47.27);
insert into producto (id, descripcion, stockactual, stockminimo, precio) values (60, 'Beer - Blue', 240, 21, 52.62);
insert into producto (id, descripcion, stockactual, stockminimo, precio) values (61, 'Broom - Push', 982, 81, 26.08);
insert into producto (id, descripcion, stockactual, stockminimo, precio) values (62, 'Bread - Malt', 436, 99, 122.26);
insert into producto (id, descripcion, stockactual, stockminimo, precio) values (63, 'Juice - Tomato, 48 Oz', 549, 50, 0.26);
insert into producto (id, descripcion, stockactual, stockminimo, precio) values (64, 'Chicken Breast Wing On', 473, 34, 49.18);
insert into producto (id, descripcion, stockactual, stockminimo, precio) values (65, 'Wine - Mondavi Coastal Private', 7, 196, 62.25);
insert into producto (id, descripcion, stockactual, stockminimo, precio) values (66, 'Daikon Radish', 381, 74, 22.52);
insert into producto (id, descripcion, stockactual, stockminimo, precio) values (67, 'Pepper - Jalapeno', 783, 95, 5.85);
insert into producto (id, descripcion, stockactual, stockminimo, precio) values (68, 'Scallop - St. Jaques', 232, 52, 94.52);
insert into producto (id, descripcion, stockactual, stockminimo, precio) values (69, 'Mushroom - Morel Frozen', 418, 154, 23.29);
insert into producto (id, descripcion, stockactual, stockminimo, precio) values (70, 'Bread - Petit Baguette', 196, 175, 122.48);
insert into producto (id, descripcion, stockactual, stockminimo, precio) values (71, 'Beef - Tongue, Fresh', 451, 87, 21.54);
insert into producto (id, descripcion, stockactual, stockminimo, precio) values (72, 'Chicken - Base, Ultimate', 203, 58, 104.91);
insert into producto (id, descripcion, stockactual, stockminimo, precio) values (73, 'Ice Cream Bar - Hagen Daz', 783, 64, 43.75);
insert into producto (id, descripcion, stockactual, stockminimo, precio) values (74, 'Bar - Granola Trail Mix Fruit Nut', 898, 198, 21.13);
insert into producto (id, descripcion, stockactual, stockminimo, precio) values (75, 'Thyme - Lemon, Fresh', 308, 37, 53.26);
insert into producto (id, descripcion, stockactual, stockminimo, precio) values (76, 'Wine - Shiraz Wolf Blass Premium', 281, 136, 87.88);
insert into producto (id, descripcion, stockactual, stockminimo, precio) values (77, 'Parsley - Fresh', 110, 102, 42.24);
insert into producto (id, descripcion, stockactual, stockminimo, precio) values (78, 'Muffin Batt - Ban Dream Zero', 147, 180, 128.05);
insert into producto (id, descripcion, stockactual, stockminimo, precio) values (79, 'Beets', 498, 186, 93.17);
insert into producto (id, descripcion, stockactual, stockminimo, precio) values (80, 'Chocolate - Pistoles, White', 144, 173, 3.26);
insert into producto (id, descripcion, stockactual, stockminimo, precio) values (81, 'Danishes - Mini Cheese', 512, 187, 126.58);
insert into producto (id, descripcion, stockactual, stockminimo, precio) values (82, 'Soup - Campbells, Cream Of', 1000, 56, 116.64);
insert into producto (id, descripcion, stockactual, stockminimo, precio) values (83, 'Veal - Inside Round / Top, Lean', 510, 65, 79.41);
insert into producto (id, descripcion, stockactual, stockminimo, precio) values (84, 'Squash - Butternut', 483, 81, 50.29);
insert into producto (id, descripcion, stockactual, stockminimo, precio) values (85, 'Cheese - Blue', 598, 101, 121.16);
insert into producto (id, descripcion, stockactual, stockminimo, precio) values (86, 'Dc Hikiage Hira Huba', 335, 149, 4.86);
insert into producto (id, descripcion, stockactual, stockminimo, precio) values (87, 'Tofu - Firm', 882, 151, 101.06);
insert into producto (id, descripcion, stockactual, stockminimo, precio) values (88, 'Cabbage - Red', 564, 196, 18.6);
insert into producto (id, descripcion, stockactual, stockminimo, precio) values (89, 'Stock - Veal, Brown', 312, 27, -0.52);
insert into producto (id, descripcion, stockactual, stockminimo, precio) values (90, 'Bag - Bread, White, Plain', 105, 126, 65.41);
insert into producto (id, descripcion, stockactual, stockminimo, precio) values (91, 'Tea - Jasmin Green', 906, 74, 117.04);
insert into producto (id, descripcion, stockactual, stockminimo, precio) values (92, 'Cloves - Whole', 568, 130, 85.76);
insert into producto (id, descripcion, stockactual, stockminimo, precio) values (93, 'Carbonated Water - Blackcherry', 756, 137, 99.54);
insert into producto (id, descripcion, stockactual, stockminimo, precio) values (94, 'Chickhen - Chicken Phyllo', 22, 199, 34.1);
insert into producto (id, descripcion, stockactual, stockminimo, precio) values (95, 'Black Currants', 670, 143, 54.88);
insert into producto (id, descripcion, stockactual, stockminimo, precio) values (96, 'Cactus Pads', 939, 78, 36.3);
insert into producto (id, descripcion, stockactual, stockminimo, precio) values (97, 'Cheese - Brick With Onion', 65, 95, 28.43);
insert into producto (id, descripcion, stockactual, stockminimo, precio) values (98, 'Gin - Gilbeys London, Dry', 671, 103, 70.43);
insert into producto (id, descripcion, stockactual, stockminimo, precio) values (99, 'Mushroom - Enoki, Fresh', 460, 113, 66.31);
insert into producto (id, descripcion, stockactual, stockminimo, precio) values (100, 'Cup - 3.5oz, Foam', 534, 193, 50.73);
insert into producto (id, descripcion, stockactual, stockminimo, precio) values (101, 'Beer - Molson Excel', 914, 143, 36.29);
insert into producto (id, descripcion, stockactual, stockminimo, precio) values (102, 'Sprouts - Baby Pea Tendrils', 778, 100, 14.55);
insert into producto (id, descripcion, stockactual, stockminimo, precio) values (103, 'Leeks - Large', 581, 118, 38.84);
insert into producto (id, descripcion, stockactual, stockminimo, precio) values (104, 'Flower - Leather Leaf Fern', 923, 89, 79.17);
insert into producto (id, descripcion, stockactual, stockminimo, precio) values (105, 'Cheese Cloth', 777, 185, 65.67);
insert into producto (id, descripcion, stockactual, stockminimo, precio) values (106, 'Bread - Sour Sticks With Onion', 306, 142, 31.56);
insert into producto (id, descripcion, stockactual, stockminimo, precio) values (107, 'Parsley Italian - Fresh', 538, 119, 36.88);
insert into producto (id, descripcion, stockactual, stockminimo, precio) values (108, 'Olives - Morracan Dired', 846, 179, 1.45);
insert into producto (id, descripcion, stockactual, stockminimo, precio) values (109, 'Yogurt - Banana, 175 Gr', 941, 30, 73.98);
insert into producto (id, descripcion, stockactual, stockminimo, precio) values (110, 'Cinnamon Buns Sticky', 551, 122, 0.66);
insert into producto (id, descripcion, stockactual, stockminimo, precio) values (111, 'Beer - Fruli', 326, 165, 5.34);
insert into producto (id, descripcion, stockactual, stockminimo, precio) values (112, 'Spice - Peppercorn Melange', 369, 50, 77.07);
insert into producto (id, descripcion, stockactual, stockminimo, precio) values (113, 'Cut Wakame - Hanawakaba', 856, 75, 63.92);
insert into producto (id, descripcion, stockactual, stockminimo, precio) values (114, 'Island Oasis - Peach Daiquiri', 392, 192, 79.25);
insert into producto (id, descripcion, stockactual, stockminimo, precio) values (115, 'Vaccum Bag - 14x20', 933, 19, 111.15);
insert into producto (id, descripcion, stockactual, stockminimo, precio) values (116, 'Plasticforkblack', 199, 48, 128.63);
insert into producto (id, descripcion, stockactual, stockminimo, precio) values (117, 'Dc - Sakura Fu', 536, 176, 87.74);
insert into producto (id, descripcion, stockactual, stockminimo, precio) values (118, 'Bowl 12 Oz - Showcase 92012', 30, 123, 64.63);
insert into producto (id, descripcion, stockactual, stockminimo, precio) values (119, 'Tea - Green', 7, 169, 89.51);
insert into producto (id, descripcion, stockactual, stockminimo, precio) values (120, 'Juice - Apple 284ml', 399, 92, 122.28);
insert into producto (id, descripcion, stockactual, stockminimo, precio) values (121, 'Lid - 0090 Clear', 192, 44, 45.05);
insert into producto (id, descripcion, stockactual, stockminimo, precio) values (122, 'Yogurt - Peach, 175 Gr', 289, 161, 27.43);
insert into producto (id, descripcion, stockactual, stockminimo, precio) values (123, 'Shrimp - Baby, Warm Water', 262, 22, 41.63);
insert into producto (id, descripcion, stockactual, stockminimo, precio) values (124, 'Bag - Regular Kraft 20 Lb', 498, 14, 75.4);
insert into producto (id, descripcion, stockactual, stockminimo, precio) values (125, 'Thyme - Dried', 609, 124, 4.47);
insert into producto (id, descripcion, stockactual, stockminimo, precio) values (126, 'Tea - Herbal Orange Spice', 465, 141, 51.47);
insert into producto (id, descripcion, stockactual, stockminimo, precio) values (127, 'Napkin - Cocktail,beige 2 - Ply', 79, 53, 90.12);
insert into producto (id, descripcion, stockactual, stockminimo, precio) values (128, 'Tea - Mint', 748, 193, 23.79);
insert into producto (id, descripcion, stockactual, stockminimo, precio) values (129, 'Melon - Watermelon, Seedless', 611, 46, 79.81);
insert into producto (id, descripcion, stockactual, stockminimo, precio) values (130, 'Truffle - Whole Black Peeled', 559, 162, 89.11);
insert into producto (id, descripcion, stockactual, stockminimo, precio) values (131, 'Vinegar - Sherry', 596, 119, 46.3);
insert into producto (id, descripcion, stockactual, stockminimo, precio) values (132, 'Beef - Tenderloin', 134, 196, 35.35);
insert into producto (id, descripcion, stockactual, stockminimo, precio) values (133, 'Muffin Mix - Corn Harvest', 112, 67, 12.44);
insert into producto (id, descripcion, stockactual, stockminimo, precio) values (134, 'Chicken - Leg, Fresh', 796, 186, 116.37);
insert into producto (id, descripcion, stockactual, stockminimo, precio) values (135, 'Cheese - Gouda Smoked', 509, 87, 97.82);
insert into producto (id, descripcion, stockactual, stockminimo, precio) values (136, 'Bread Base - Italian', 65, 181, 48.09);
insert into producto (id, descripcion, stockactual, stockminimo, precio) values (137, 'Cup - Translucent 7 Oz Clear', 515, 24, 84.58);
insert into producto (id, descripcion, stockactual, stockminimo, precio) values (138, 'Jam - Raspberry,jar', 877, 81, 71.39);
insert into producto (id, descripcion, stockactual, stockminimo, precio) values (139, 'Lentils - Red, Dry', 466, 181, 50.53);
insert into producto (id, descripcion, stockactual, stockminimo, precio) values (140, 'Fish - Atlantic Salmon, Cold', 325, 24, -0.22);
insert into producto (id, descripcion, stockactual, stockminimo, precio) values (141, 'Chef Hat 20cm', 942, 24, -0.86);
insert into producto (id, descripcion, stockactual, stockminimo, precio) values (142, 'Liqueur Banana, Ramazzotti', 339, 75, 67.91);
insert into producto (id, descripcion, stockactual, stockminimo, precio) values (143, 'Soup - Campbells, Minestrone', 878, 127, 110.35);
insert into producto (id, descripcion, stockactual, stockminimo, precio) values (144, 'Plasticknivesblack', 810, 42, 109.99);
insert into producto (id, descripcion, stockactual, stockminimo, precio) values (145, 'Pectin', 446, 88, 58.97);
insert into producto (id, descripcion, stockactual, stockminimo, precio) values (146, 'Pickles - Gherkins', 506, 116, 54.14);
insert into producto (id, descripcion, stockactual, stockminimo, precio) values (147, 'English Muffin', 649, 195, 129.62);
insert into producto (id, descripcion, stockactual, stockminimo, precio) values (148, 'Oil - Cooking Spray', 634, 195, 6.73);
insert into producto (id, descripcion, stockactual, stockminimo, precio) values (149, 'Milk - 2%', 173, 105, 32.97);
insert into producto (id, descripcion, stockactual, stockminimo, precio) values (150, 'Oil - Hazelnut', 760, 87, 97.62);


insert into venta (id_venta, fecha, cantidad, id_cliente, id_producto) values (1, '2022-08-26', 32, 264, 95);
insert into venta (id_venta, fecha, cantidad, id_cliente, id_producto) values (2, '2022-02-14', 35, 477, 57);
insert into venta (id_venta, fecha, cantidad, id_cliente, id_producto) values (3, '2021-12-29', 5, 177, 24);
insert into venta (id_venta, fecha, cantidad, id_cliente, id_producto) values (4, '2021-10-16', 18, 560, 76);
insert into venta (id_venta, fecha, cantidad, id_cliente, id_producto) values (5, '2022-02-25', 71, 282, 88);
insert into venta (id_venta, fecha, cantidad, id_cliente, id_producto) values (6, '2022-03-04', 30, 209, 99);
insert into venta (id_venta, fecha, cantidad, id_cliente, id_producto) values (7, '2022-07-20', 68, 204, 30);
insert into venta (id_venta, fecha, cantidad, id_cliente, id_producto) values (8, '2022-01-04', 65, 500, 26);
insert into venta (id_venta, fecha, cantidad, id_cliente, id_producto) values (9, '2021-10-02', 3, 434, 47);
insert into venta (id_venta, fecha, cantidad, id_cliente, id_producto) values (10, '2022-04-28', 88, 553, 104);
insert into venta (id_venta, fecha, cantidad, id_cliente, id_producto) values (11, '2022-01-08', 5, 50, 128);
insert into venta (id_venta, fecha, cantidad, id_cliente, id_producto) values (12, '2022-01-21', 71, 289, 93);
insert into venta (id_venta, fecha, cantidad, id_cliente, id_producto) values (13, '2022-03-26', 53, 146, 38);
insert into venta (id_venta, fecha, cantidad, id_cliente, id_producto) values (14, '2022-05-08', 60, 607, 99);
insert into venta (id_venta, fecha, cantidad, id_cliente, id_producto) values (15, '2022-05-26', 40, 37, 96);
insert into venta (id_venta, fecha, cantidad, id_cliente, id_producto) values (16, '2022-01-03', 43, 585, 59);
insert into venta (id_venta, fecha, cantidad, id_cliente, id_producto) values (17, '2021-09-06', 20, 442, 29);
insert into venta (id_venta, fecha, cantidad, id_cliente, id_producto) values (18, '2021-12-20', 95, 594, 74);
insert into venta (id_venta, fecha, cantidad, id_cliente, id_producto) values (19, '2022-03-01', 95, 104, 11);
insert into venta (id_venta, fecha, cantidad, id_cliente, id_producto) values (20, '2022-09-19', 1, 562, 119);
insert into venta (id_venta, fecha, cantidad, id_cliente, id_producto) values (21, '2021-08-06', 99, 425, 126);
insert into venta (id_venta, fecha, cantidad, id_cliente, id_producto) values (22, '2022-04-12', 5, 560, 75);
insert into venta (id_venta, fecha, cantidad, id_cliente, id_producto) values (23, '2021-08-19', 75, 546, 53);
insert into venta (id_venta, fecha, cantidad, id_cliente, id_producto) values (24, '2022-03-22', 72, 431, 140);
insert into venta (id_venta, fecha, cantidad, id_cliente, id_producto) values (25, '2021-11-04', 42, 149, 23);
insert into venta (id_venta, fecha, cantidad, id_cliente, id_producto) values (26, '2022-02-16', 17, 226, 36);
insert into venta (id_venta, fecha, cantidad, id_cliente, id_producto) values (27, '2022-02-10', 54, 128, 129);
insert into venta (id_venta, fecha, cantidad, id_cliente, id_producto) values (28, '2022-05-30', 62, 464, 112);
insert into venta (id_venta, fecha, cantidad, id_cliente, id_producto) values (29, '2022-07-28', 32, 509, 144);
insert into venta (id_venta, fecha, cantidad, id_cliente, id_producto) values (30, '2021-09-09', 54, 209, 126);
insert into venta (id_venta, fecha, cantidad, id_cliente, id_producto) values (31, '2022-09-16', 42, 560, 6);
insert into venta (id_venta, fecha, cantidad, id_cliente, id_producto) values (32, '2021-11-23', 99, 292, 60);
insert into venta (id_venta, fecha, cantidad, id_cliente, id_producto) values (33, '2022-08-22', 93, 124, 76);
insert into venta (id_venta, fecha, cantidad, id_cliente, id_producto) values (34, '2022-04-29', 87, 554, 49);
insert into venta (id_venta, fecha, cantidad, id_cliente, id_producto) values (35, '2021-10-23', 74, 42, 133);
insert into venta (id_venta, fecha, cantidad, id_cliente, id_producto) values (36, '2021-09-29', 22, 136, 7);
insert into venta (id_venta, fecha, cantidad, id_cliente, id_producto) values (37, '2022-09-04', 98, 502, 99);
insert into venta (id_venta, fecha, cantidad, id_cliente, id_producto) values (38, '2021-10-24', 52, 92, 140);
insert into venta (id_venta, fecha, cantidad, id_cliente, id_producto) values (39, '2021-09-18', 61, 422, 61);
insert into venta (id_venta, fecha, cantidad, id_cliente, id_producto) values (40, '2022-04-24', 84, 504, 35);
insert into venta (id_venta, fecha, cantidad, id_cliente, id_producto) values (41, '2022-07-01', 72, 357, 3);
insert into venta (id_venta, fecha, cantidad, id_cliente, id_producto) values (42, '2021-08-29', 4, 310, 91);
insert into venta (id_venta, fecha, cantidad, id_cliente, id_producto) values (43, '2022-01-11', 19, 238, 148);
insert into venta (id_venta, fecha, cantidad, id_cliente, id_producto) values (44, '2021-09-08', 67, 63, 22);
insert into venta (id_venta, fecha, cantidad, id_cliente, id_producto) values (45, '2022-04-11', 42, 561, 92);
insert into venta (id_venta, fecha, cantidad, id_cliente, id_producto) values (46, '2021-11-01', 92, 147, 123);
insert into venta (id_venta, fecha, cantidad, id_cliente, id_producto) values (47, '2022-07-25', 65, 114, 102);
insert into venta (id_venta, fecha, cantidad, id_cliente, id_producto) values (48, '2022-04-18', 65, 194, 7);
insert into venta (id_venta, fecha, cantidad, id_cliente, id_producto) values (49, '2022-09-05', 96, 55, 13);
insert into venta (id_venta, fecha, cantidad, id_cliente, id_producto) values (50, '2022-07-31', 49, 530, 134);
insert into venta (id_venta, fecha, cantidad, id_cliente, id_producto) values (51, '2022-07-06', 62, 344, 63);
insert into venta (id_venta, fecha, cantidad, id_cliente, id_producto) values (52, '2021-07-31', 89, 294, 67);
insert into venta (id_venta, fecha, cantidad, id_cliente, id_producto) values (53, '2021-08-01', 49, 228, 43);
insert into venta (id_venta, fecha, cantidad, id_cliente, id_producto) values (54, '2022-09-15', 70, 126, 25);
insert into venta (id_venta, fecha, cantidad, id_cliente, id_producto) values (55, '2022-04-24', 40, 16, 101);
insert into venta (id_venta, fecha, cantidad, id_cliente, id_producto) values (56, '2022-01-20', 87, 116, 82);
insert into venta (id_venta, fecha, cantidad, id_cliente, id_producto) values (57, '2022-07-21', 99, 71, 4);
insert into venta (id_venta, fecha, cantidad, id_cliente, id_producto) values (58, '2022-01-30', 13, 276, 75);
insert into venta (id_venta, fecha, cantidad, id_cliente, id_producto) values (59, '2022-05-28', 88, 144, 114);
insert into venta (id_venta, fecha, cantidad, id_cliente, id_producto) values (60, '2022-09-08', 38, 321, 109);
insert into venta (id_venta, fecha, cantidad, id_cliente, id_producto) values (61, '2021-08-17', 54, 300, 99);
insert into venta (id_venta, fecha, cantidad, id_cliente, id_producto) values (62, '2021-10-16', 50, 582, 72);
insert into venta (id_venta, fecha, cantidad, id_cliente, id_producto) values (63, '2021-10-02', 58, 351, 135);
insert into venta (id_venta, fecha, cantidad, id_cliente, id_producto) values (64, '2021-11-05', 7, 423, 138);
insert into venta (id_venta, fecha, cantidad, id_cliente, id_producto) values (65, '2022-01-25', 77, 161, 69);
insert into venta (id_venta, fecha, cantidad, id_cliente, id_producto) values (66, '2022-07-19', 81, 252, 104);
insert into venta (id_venta, fecha, cantidad, id_cliente, id_producto) values (67, '2021-09-14', 99, 358, 100);
insert into venta (id_venta, fecha, cantidad, id_cliente, id_producto) values (68, '2021-11-15', 74, 471, 53);
insert into venta (id_venta, fecha, cantidad, id_cliente, id_producto) values (69, '2021-12-15', 62, 19, 127);
insert into venta (id_venta, fecha, cantidad, id_cliente, id_producto) values (70, '2022-02-26', 33, 207, 35);
insert into venta (id_venta, fecha, cantidad, id_cliente, id_producto) values (71, '2021-12-08', 88, 165, 3);
insert into venta (id_venta, fecha, cantidad, id_cliente, id_producto) values (72, '2022-03-31', 74, 502, 30);
insert into venta (id_venta, fecha, cantidad, id_cliente, id_producto) values (73, '2021-12-02', 14, 578, 67);
insert into venta (id_venta, fecha, cantidad, id_cliente, id_producto) values (74, '2021-12-01', 66, 448, 144);
insert into venta (id_venta, fecha, cantidad, id_cliente, id_producto) values (75, '2022-08-22', 87, 582, 75);
insert into venta (id_venta, fecha, cantidad, id_cliente, id_producto) values (76, '2022-08-24', 31, 602, 120);
insert into venta (id_venta, fecha, cantidad, id_cliente, id_producto) values (77, '2022-06-15', 84, 463, 20);
insert into venta (id_venta, fecha, cantidad, id_cliente, id_producto) values (78, '2021-08-24', 9, 217, 43);
insert into venta (id_venta, fecha, cantidad, id_cliente, id_producto) values (79, '2022-01-08', 35, 93, 10);
insert into venta (id_venta, fecha, cantidad, id_cliente, id_producto) values (80, '2022-04-30', 13, 123, 46);
insert into venta (id_venta, fecha, cantidad, id_cliente, id_producto) values (81, '2021-08-26', 2, 187, 75);
insert into venta (id_venta, fecha, cantidad, id_cliente, id_producto) values (82, '2022-05-03', 84, 102, 96);
insert into venta (id_venta, fecha, cantidad, id_cliente, id_producto) values (83, '2022-04-02', 25, 133, 17);
insert into venta (id_venta, fecha, cantidad, id_cliente, id_producto) values (84, '2022-05-18', 61, 244, 100);
insert into venta (id_venta, fecha, cantidad, id_cliente, id_producto) values (85, '2021-08-01', 39, 185, 91);
insert into venta (id_venta, fecha, cantidad, id_cliente, id_producto) values (86, '2021-12-26', 45, 597, 89);
insert into venta (id_venta, fecha, cantidad, id_cliente, id_producto) values (87, '2021-10-24', 90, 567, 140);
insert into venta (id_venta, fecha, cantidad, id_cliente, id_producto) values (88, '2021-12-29', 93, 395, 143);
insert into venta (id_venta, fecha, cantidad, id_cliente, id_producto) values (89, '2022-01-25', 59, 590, 149);
insert into venta (id_venta, fecha, cantidad, id_cliente, id_producto) values (90, '2022-07-03', 90, 481, 129);
insert into venta (id_venta, fecha, cantidad, id_cliente, id_producto) values (91, '2022-02-16', 25, 429, 105);
insert into venta (id_venta, fecha, cantidad, id_cliente, id_producto) values (92, '2021-12-15', 96, 102, 90);
insert into venta (id_venta, fecha, cantidad, id_cliente, id_producto) values (93, '2022-03-28', 82, 454, 101);
insert into venta (id_venta, fecha, cantidad, id_cliente, id_producto) values (94, '2022-04-20', 37, 221, 95);
insert into venta (id_venta, fecha, cantidad, id_cliente, id_producto) values (95, '2022-05-12', 32, 29, 99);
insert into venta (id_venta, fecha, cantidad, id_cliente, id_producto) values (96, '2022-08-31', 9, 562, 91);
insert into venta (id_venta, fecha, cantidad, id_cliente, id_producto) values (97, '2022-02-17', 38, 308, 84);
insert into venta (id_venta, fecha, cantidad, id_cliente, id_producto) values (98, '2022-02-05', 78, 174, 123);
insert into venta (id_venta, fecha, cantidad, id_cliente, id_producto) values (99, '2022-09-06', 64, 353, 136);
insert into venta (id_venta, fecha, cantidad, id_cliente, id_producto) values (100, '2022-02-23', 18, 115, 58);
insert into venta (id_venta, fecha, cantidad, id_cliente, id_producto) values (101, '2021-11-07', 9, 482, 84);
insert into venta (id_venta, fecha, cantidad, id_cliente, id_producto) values (102, '2021-08-25', 32, 301, 92);
insert into venta (id_venta, fecha, cantidad, id_cliente, id_producto) values (103, '2022-05-22', 7, 115, 1);
insert into venta (id_venta, fecha, cantidad, id_cliente, id_producto) values (104, '2022-01-27', 84, 590, 78);
insert into venta (id_venta, fecha, cantidad, id_cliente, id_producto) values (105, '2021-10-06', 89, 48, 91);
insert into venta (id_venta, fecha, cantidad, id_cliente, id_producto) values (106, '2022-09-07', 4, 50, 84);
insert into venta (id_venta, fecha, cantidad, id_cliente, id_producto) values (107, '2021-10-13', 47, 444, 96);
insert into venta (id_venta, fecha, cantidad, id_cliente, id_producto) values (108, '2022-04-30', 53, 196, 116);
insert into venta (id_venta, fecha, cantidad, id_cliente, id_producto) values (109, '2021-08-24', 41, 277, 68);
insert into venta (id_venta, fecha, cantidad, id_cliente, id_producto) values (110, '2021-12-11', 39, 582, 61);
insert into venta (id_venta, fecha, cantidad, id_cliente, id_producto) values (111, '2022-05-18', 23, 374, 60);
insert into venta (id_venta, fecha, cantidad, id_cliente, id_producto) values (112, '2022-06-18', 17, 561, 138);
insert into venta (id_venta, fecha, cantidad, id_cliente, id_producto) values (113, '2022-04-04', 35, 214, 104);
insert into venta (id_venta, fecha, cantidad, id_cliente, id_producto) values (114, '2021-09-25', 8, 106, 75);
insert into venta (id_venta, fecha, cantidad, id_cliente, id_producto) values (115, '2021-09-24', 46, 361, 66);
insert into venta (id_venta, fecha, cantidad, id_cliente, id_producto) values (116, '2022-01-30', 52, 296, 131);
insert into venta (id_venta, fecha, cantidad, id_cliente, id_producto) values (117, '2022-01-11', 73, 178, 75);
insert into venta (id_venta, fecha, cantidad, id_cliente, id_producto) values (118, '2021-10-25', 6, 370, 30);
insert into venta (id_venta, fecha, cantidad, id_cliente, id_producto) values (119, '2022-09-02', 36, 159, 101);
insert into venta (id_venta, fecha, cantidad, id_cliente, id_producto) values (120, '2021-07-30', 86, 73, 23);
insert into venta (id_venta, fecha, cantidad, id_cliente, id_producto) values (121, '2022-06-03', 64, 466, 14);
insert into venta (id_venta, fecha, cantidad, id_cliente, id_producto) values (122, '2022-05-16', 43, 447, 29);
insert into venta (id_venta, fecha, cantidad, id_cliente, id_producto) values (123, '2021-09-26', 76, 394, 11);
insert into venta (id_venta, fecha, cantidad, id_cliente, id_producto) values (124, '2022-09-15', 94, 304, 135);
insert into venta (id_venta, fecha, cantidad, id_cliente, id_producto) values (125, '2021-08-20', 49, 266, 149);
insert into venta (id_venta, fecha, cantidad, id_cliente, id_producto) values (126, '2022-09-25', 43, 575, 77);
insert into venta (id_venta, fecha, cantidad, id_cliente, id_producto) values (127, '2022-09-26', 100, 25, 107);
insert into venta (id_venta, fecha, cantidad, id_cliente, id_producto) values (128, '2021-09-20', 16, 419, 44);
insert into venta (id_venta, fecha, cantidad, id_cliente, id_producto) values (129, '2022-08-31', 76, 536, 24);
insert into venta (id_venta, fecha, cantidad, id_cliente, id_producto) values (130, '2021-09-10', 8, 411, 28);
insert into venta (id_venta, fecha, cantidad, id_cliente, id_producto) values (131, '2022-05-19', 22, 360, 5);
insert into venta (id_venta, fecha, cantidad, id_cliente, id_producto) values (132, '2022-05-17', 89, 153, 17);
insert into venta (id_venta, fecha, cantidad, id_cliente, id_producto) values (133, '2022-07-09', 53, 430, 77);
insert into venta (id_venta, fecha, cantidad, id_cliente, id_producto) values (134, '2022-02-22', 50, 330, 45);
insert into venta (id_venta, fecha, cantidad, id_cliente, id_producto) values (135, '2022-04-09', 24, 589, 84);
insert into venta (id_venta, fecha, cantidad, id_cliente, id_producto) values (136, '2022-09-13', 22, 334, 86);
insert into venta (id_venta, fecha, cantidad, id_cliente, id_producto) values (137, '2022-03-10', 37, 310, 112);
insert into venta (id_venta, fecha, cantidad, id_cliente, id_producto) values (138, '2021-09-04', 11, 226, 32);
insert into venta (id_venta, fecha, cantidad, id_cliente, id_producto) values (139, '2022-07-21', 39, 164, 105);
insert into venta (id_venta, fecha, cantidad, id_cliente, id_producto) values (140, '2022-01-19', 21, 150, 120);
insert into venta (id_venta, fecha, cantidad, id_cliente, id_producto) values (141, '2022-01-26', 58, 88, 39);
insert into venta (id_venta, fecha, cantidad, id_cliente, id_producto) values (142, '2022-05-24', 77, 529, 74);
insert into venta (id_venta, fecha, cantidad, id_cliente, id_producto) values (143, '2022-09-28', 71, 191, 25);
insert into venta (id_venta, fecha, cantidad, id_cliente, id_producto) values (144, '2022-05-31', 33, 567, 83);
insert into venta (id_venta, fecha, cantidad, id_cliente, id_producto) values (145, '2022-06-05', 95, 319, 32);
insert into venta (id_venta, fecha, cantidad, id_cliente, id_producto) values (146, '2022-04-03', 35, 442, 42);
insert into venta (id_venta, fecha, cantidad, id_cliente, id_producto) values (147, '2022-01-11', 74, 440, 80);
insert into venta (id_venta, fecha, cantidad, id_cliente, id_producto) values (148, '2021-10-06', 56, 542, 129);
insert into venta (id_venta, fecha, cantidad, id_cliente, id_producto) values (149, '2021-10-07', 91, 580, 72);
insert into venta (id_venta, fecha, cantidad, id_cliente, id_producto) values (150, '2021-08-19', 41, 219, 78);
insert into venta (id_venta, fecha, cantidad, id_cliente, id_producto) values (151, '2021-09-28', 47, 23, 45);
insert into venta (id_venta, fecha, cantidad, id_cliente, id_producto) values (152, '2021-11-24', 100, 343, 121);
insert into venta (id_venta, fecha, cantidad, id_cliente, id_producto) values (153, '2021-08-29', 96, 364, 128);
insert into venta (id_venta, fecha, cantidad, id_cliente, id_producto) values (154, '2022-05-11', 70, 558, 4);
insert into venta (id_venta, fecha, cantidad, id_cliente, id_producto) values (155, '2022-02-04', 56, 24, 74);
insert into venta (id_venta, fecha, cantidad, id_cliente, id_producto) values (156, '2022-09-17', 3, 2, 20);
insert into venta (id_venta, fecha, cantidad, id_cliente, id_producto) values (157, '2021-09-02', 79, 505, 87);
insert into venta (id_venta, fecha, cantidad, id_cliente, id_producto) values (158, '2022-07-23', 34, 461, 17);
insert into venta (id_venta, fecha, cantidad, id_cliente, id_producto) values (159, '2021-12-28', 89, 439, 87);
insert into venta (id_venta, fecha, cantidad, id_cliente, id_producto) values (160, '2022-01-03', 40, 81, 17);
insert into venta (id_venta, fecha, cantidad, id_cliente, id_producto) values (161, '2022-09-07', 91, 439, 128);
insert into venta (id_venta, fecha, cantidad, id_cliente, id_producto) values (162, '2021-11-14', 55, 209, 20);
insert into venta (id_venta, fecha, cantidad, id_cliente, id_producto) values (163, '2021-11-02', 69, 207, 132);
insert into venta (id_venta, fecha, cantidad, id_cliente, id_producto) values (164, '2022-06-03', 50, 362, 62);
insert into venta (id_venta, fecha, cantidad, id_cliente, id_producto) values (165, '2022-02-27', 16, 180, 117);
insert into venta (id_venta, fecha, cantidad, id_cliente, id_producto) values (166, '2021-12-06', 91, 414, 35);
insert into venta (id_venta, fecha, cantidad, id_cliente, id_producto) values (167, '2021-09-25', 90, 418, 25);
insert into venta (id_venta, fecha, cantidad, id_cliente, id_producto) values (168, '2022-05-27', 75, 428, 103);
insert into venta (id_venta, fecha, cantidad, id_cliente, id_producto) values (169, '2022-08-07', 94, 199, 25);
insert into venta (id_venta, fecha, cantidad, id_cliente, id_producto) values (170, '2022-08-05', 8, 298, 46);
insert into venta (id_venta, fecha, cantidad, id_cliente, id_producto) values (171, '2021-09-17', 80, 361, 79);
insert into venta (id_venta, fecha, cantidad, id_cliente, id_producto) values (172, '2021-12-25', 80, 277, 94);
insert into venta (id_venta, fecha, cantidad, id_cliente, id_producto) values (173, '2021-10-30', 96, 56, 78);
insert into venta (id_venta, fecha, cantidad, id_cliente, id_producto) values (174, '2021-12-18', 13, 255, 26);
insert into venta (id_venta, fecha, cantidad, id_cliente, id_producto) values (175, '2021-09-08', 97, 21, 102);
insert into venta (id_venta, fecha, cantidad, id_cliente, id_producto) values (176, '2022-02-15', 82, 277, 127);
insert into venta (id_venta, fecha, cantidad, id_cliente, id_producto) values (177, '2021-10-20', 2, 591, 93);
insert into venta (id_venta, fecha, cantidad, id_cliente, id_producto) values (178, '2021-09-04', 44, 304, 31);
insert into venta (id_venta, fecha, cantidad, id_cliente, id_producto) values (179, '2022-08-26', 14, 571, 19);
insert into venta (id_venta, fecha, cantidad, id_cliente, id_producto) values (180, '2022-07-11', 21, 273, 133);
insert into venta (id_venta, fecha, cantidad, id_cliente, id_producto) values (181, '2022-05-17', 11, 564, 146);
insert into venta (id_venta, fecha, cantidad, id_cliente, id_producto) values (182, '2022-07-03', 65, 114, 3);
insert into venta (id_venta, fecha, cantidad, id_cliente, id_producto) values (183, '2022-03-13', 64, 205, 117);
insert into venta (id_venta, fecha, cantidad, id_cliente, id_producto) values (184, '2022-05-01', 90, 497, 112);
insert into venta (id_venta, fecha, cantidad, id_cliente, id_producto) values (185, '2022-06-14', 56, 484, 59);
insert into venta (id_venta, fecha, cantidad, id_cliente, id_producto) values (186, '2022-09-09', 71, 413, 81);
insert into venta (id_venta, fecha, cantidad, id_cliente, id_producto) values (187, '2022-06-17', 32, 362, 54);
insert into venta (id_venta, fecha, cantidad, id_cliente, id_producto) values (188, '2022-06-14', 75, 361, 109);
insert into venta (id_venta, fecha, cantidad, id_cliente, id_producto) values (189, '2022-09-12', 90, 65, 133);
insert into venta (id_venta, fecha, cantidad, id_cliente, id_producto) values (190, '2021-10-02', 82, 318, 129);
insert into venta (id_venta, fecha, cantidad, id_cliente, id_producto) values (191, '2022-05-30', 41, 466, 26);
insert into venta (id_venta, fecha, cantidad, id_cliente, id_producto) values (192, '2022-05-07', 73, 532, 124);
insert into venta (id_venta, fecha, cantidad, id_cliente, id_producto) values (193, '2022-04-27', 39, 278, 130);
insert into venta (id_venta, fecha, cantidad, id_cliente, id_producto) values (194, '2021-12-15', 81, 375, 135);
insert into venta (id_venta, fecha, cantidad, id_cliente, id_producto) values (195, '2022-08-23', 70, 42, 133);
insert into venta (id_venta, fecha, cantidad, id_cliente, id_producto) values (196, '2021-12-05', 31, 516, 83);
insert into venta (id_venta, fecha, cantidad, id_cliente, id_producto) values (197, '2022-08-07', 19, 493, 37);
insert into venta (id_venta, fecha, cantidad, id_cliente, id_producto) values (198, '2021-09-21', 14, 350, 88);
insert into venta (id_venta, fecha, cantidad, id_cliente, id_producto) values (199, '2021-08-26', 11, 24, 6);
insert into venta (id_venta, fecha, cantidad, id_cliente, id_producto) values (200, '2021-10-12', 24, 485, 97);




insert into cliente (id, nombre, direccion, poblacion, telef, nif) values (1, 'Mufi', '6 Sutherland Point', 'Velyki Sorochyntsi', '402-453-7032', '02724388G');
insert into cliente (id, nombre, direccion, poblacion, telef, nif) values (2, 'Klarika', '794 Mariners Cove Junction', 'Cipadung', '491-389-8579', '21152408O');
insert into cliente (id, nombre, direccion, poblacion, telef, nif) values (3, 'Dorthy', '8 Artisan Circle', 'Kedungreja', '401-291-7525', '17202042F');
insert into cliente (id, nombre, direccion, poblacion, telef, nif) values (4, 'Ellis', '2388 Mallard Road', 'Mansa', '729-836-5793', '74672071I');
insert into cliente (id, nombre, direccion, poblacion, telef, nif) values (5, 'Glyn', '9448 Thompson Crossing', 'Kachar', '658-353-2389', '53051950F');
insert into cliente (id, nombre, direccion, poblacion, telef, nif) values (6, 'Dillie', '4153 Sherman Hill', 'Ebak', '862-494-9101', '87479557V');
insert into cliente (id, nombre, direccion, poblacion, telef, nif) values (7, 'Worden', '006 Brickson Park Center', 'Xiji', '497-900-2873', '19769807U');
insert into cliente (id, nombre, direccion, poblacion, telef, nif) values (8, 'Teddy', '21 Rowland Pass', 'Meedhoo', '764-529-1315', '70629601Q');
insert into cliente (id, nombre, direccion, poblacion, telef, nif) values (9, 'Tomasine', '09769 Parkside Street', 'Cishan', '947-476-2826', '68425086B');
insert into cliente (id, nombre, direccion, poblacion, telef, nif) values (10, 'Ashlin', '96 Thackeray Terrace', 'Thị Trấn Na Sầm', '748-870-9881', '74670748R');
insert into cliente (id, nombre, direccion, poblacion, telef, nif) values (11, 'Northrop', '0 Everett Circle', 'Yidian', '892-201-0828', '65873188K');
insert into cliente (id, nombre, direccion, poblacion, telef, nif) values (12, 'Florri', '67674 Mosinee Pass', 'Khvatovka', '351-816-6891', '31145332L');
insert into cliente (id, nombre, direccion, poblacion, telef, nif) values (13, 'Holt', '92 Everett Parkway', 'Las Junturas', '676-350-1756', '78192476E');
insert into cliente (id, nombre, direccion, poblacion, telef, nif) values (14, 'Jefferey', '7034 Spaight Center', 'Enskede', '687-149-8231', '79893917V');
insert into cliente (id, nombre, direccion, poblacion, telef, nif) values (15, 'Rochella', '887 Ramsey Court', 'Xiayunling', '247-926-8293', '88154075U');
insert into cliente (id, nombre, direccion, poblacion, telef, nif) values (16, 'Doralyn', '778 Hintze Alley', 'Tapiramutá', '336-732-7606', '12373833N');
insert into cliente (id, nombre, direccion, poblacion, telef, nif) values (17, 'Kayla', '46 Goodland Terrace', 'Zhongcheng', '556-292-5202', '40069030V');
insert into cliente (id, nombre, direccion, poblacion, telef, nif) values (18, 'Bernie', '42547 Harbort Avenue', 'Falköping', '267-933-3215', '87270099R');
insert into cliente (id, nombre, direccion, poblacion, telef, nif) values (19, 'Patric', '70190 Sullivan Alley', 'Al Qābil', '847-767-0945', '17808992Y');
insert into cliente (id, nombre, direccion, poblacion, telef, nif) values (20, 'Inigo', '75184 Pawling Place', 'Saniwonorejo', '108-838-0571', '27695386C');
insert into cliente (id, nombre, direccion, poblacion, telef, nif) values (21, 'Lester', '98 Pond Crossing', 'Podhum', '815-234-6346', '61822461Y');
insert into cliente (id, nombre, direccion, poblacion, telef, nif) values (22, 'Octavia', '06055 Bartillon Lane', 'Gorskaya', '113-785-4077', '74475270Q');
insert into cliente (id, nombre, direccion, poblacion, telef, nif) values (23, 'Kain', '3331 Village Lane', 'Eksjö', '655-724-2712', '63653275A');
insert into cliente (id, nombre, direccion, poblacion, telef, nif) values (24, 'Marline', '1769 Barnett Street', 'Moss', '547-373-4988', '45451890Y');
insert into cliente (id, nombre, direccion, poblacion, telef, nif) values (25, 'Kordula', '505 Westerfield Lane', 'Horodne', '738-693-1587', '55648678W');
insert into cliente (id, nombre, direccion, poblacion, telef, nif) values (26, 'Jami', '504 Blue Bill Park Pass', 'Qingliu', '826-528-9955', '48880164E');
insert into cliente (id, nombre, direccion, poblacion, telef, nif) values (27, 'Scotty', '380 Upham Trail', 'Yuanqiao', '388-458-3960', '85796583S');
insert into cliente (id, nombre, direccion, poblacion, telef, nif) values (28, 'Hugh', '75 Del Sol Court', 'Aleksinac', '537-476-1970', '31852855C');
insert into cliente (id, nombre, direccion, poblacion, telef, nif) values (29, 'Lazaro', '547 Hagan Plaza', 'Al Ḩudaydah', '662-421-2744', '87716601T');
insert into cliente (id, nombre, direccion, poblacion, telef, nif) values (30, 'Philly', '1 Village Green Terrace', 'Malanville', '368-227-2358', '91852857A');
insert into cliente (id, nombre, direccion, poblacion, telef, nif) values (31, 'Mady', '4 Gulseth Circle', 'Oleksandriya', '242-426-6321', '30783993Z');
insert into cliente (id, nombre, direccion, poblacion, telef, nif) values (32, 'Bettye', '90 Lawn Junction', 'Indianapolis', '317-547-6369', '20164298L');
insert into cliente (id, nombre, direccion, poblacion, telef, nif) values (33, 'Aarika', '5799 Grasskamp Park', 'Nemyriv', '195-178-1908', '22108750S');
insert into cliente (id, nombre, direccion, poblacion, telef, nif) values (34, 'Bessy', '17439 Lindbergh Plaza', 'Jinping', '463-265-9014', '30216896H');
insert into cliente (id, nombre, direccion, poblacion, telef, nif) values (35, 'Blair', '5837 Carberry Center', 'Pinara', '296-299-5951', '21493870U');
insert into cliente (id, nombre, direccion, poblacion, telef, nif) values (36, 'Amandy', '77059 Grayhawk Way', 'Johor Bahru', '385-852-3592', '91764159T');
insert into cliente (id, nombre, direccion, poblacion, telef, nif) values (37, 'Goldarina', '873 Jackson Junction', 'Tecka', '375-894-8488', '90060610G');
insert into cliente (id, nombre, direccion, poblacion, telef, nif) values (38, 'Eddie', '93740 Moulton Circle', 'Plottier', '642-780-8237', '68112864D');
insert into cliente (id, nombre, direccion, poblacion, telef, nif) values (39, 'Earl', '8558 West Road', 'Barra de São Francisco', '187-543-7992', '01271484C');
insert into cliente (id, nombre, direccion, poblacion, telef, nif) values (40, 'Julianne', '03 Ryan Road', 'Huaihe', '451-913-5358', '64979494C');
insert into cliente (id, nombre, direccion, poblacion, telef, nif) values (41, 'Nollie', '70 Ridgeview Road', 'San Isidro', '196-477-9736', '01975489K');
insert into cliente (id, nombre, direccion, poblacion, telef, nif) values (42, 'Elwyn', '092 Sage Center', 'Xiancun', '980-817-8875', '24309014Z');
insert into cliente (id, nombre, direccion, poblacion, telef, nif) values (43, 'Druci', '1 Old Shore Point', 'Ghormach', '368-722-1664', '28009703M');
insert into cliente (id, nombre, direccion, poblacion, telef, nif) values (44, 'Engelbert', '992 Lukken Trail', 'Hongtu', '858-636-9220', '06711500Y');
insert into cliente (id, nombre, direccion, poblacion, telef, nif) values (45, 'Devonne', '528 Dennis Street', 'Arvidsjaur', '287-373-4343', '11148001T');
insert into cliente (id, nombre, direccion, poblacion, telef, nif) values (46, 'Loren', '51047 Di Loreto Plaza', 'Rydułtowy', '590-243-3306', '90840929E');
insert into cliente (id, nombre, direccion, poblacion, telef, nif) values (47, 'Zelig', '64112 Hallows Circle', 'Privas', '979-781-5859', '14258002L');
insert into cliente (id, nombre, direccion, poblacion, telef, nif) values (48, 'Christie', '91 Porter Drive', 'Baroh', '181-624-3553', '68137840I');
insert into cliente (id, nombre, direccion, poblacion, telef, nif) values (49, 'Mildrid', '88 Ronald Regan Court', 'Chikeng', '562-109-0360', '17923135M');
insert into cliente (id, nombre, direccion, poblacion, telef, nif) values (50, 'Carr', '35 Anniversary Circle', 'Alexandria', '161-855-2350', '63459320Q');
insert into cliente (id, nombre, direccion, poblacion, telef, nif) values (51, 'Northrup', '1805 Mariners Cove Plaza', 'Mozelos', '660-760-6745', '06293764D');
insert into cliente (id, nombre, direccion, poblacion, telef, nif) values (52, 'Elroy', '82 Derek Junction', 'Vannes', '773-667-3712', '28518954S');
insert into cliente (id, nombre, direccion, poblacion, telef, nif) values (53, 'Bette', '49 Sage Trail', 'Balyqshy', '985-832-6862', '29743377B');
insert into cliente (id, nombre, direccion, poblacion, telef, nif) values (54, 'Tybie', '30981 Sugar Plaza', 'Nancy', '691-715-3166', '74615938J');
insert into cliente (id, nombre, direccion, poblacion, telef, nif) values (55, 'Suzette', '158 Kings Place', 'Göteborg', '417-581-4861', '37448197U');
insert into cliente (id, nombre, direccion, poblacion, telef, nif) values (56, 'Libbie', '234 Waywood Pass', 'Huntington Beach', '760-399-0521', '06888151L');
insert into cliente (id, nombre, direccion, poblacion, telef, nif) values (57, 'Micah', '0485 Scofield Hill', 'Prawdzinski', '183-589-3201', '45336605G');
insert into cliente (id, nombre, direccion, poblacion, telef, nif) values (58, 'Lea', '21391 Bowman Lane', 'Baoxing', '890-916-1487', '18688600V');
insert into cliente (id, nombre, direccion, poblacion, telef, nif) values (59, 'Amelita', '3 Farragut Park', 'Ljubešćica', '688-894-2847', '03494326P');
insert into cliente (id, nombre, direccion, poblacion, telef, nif) values (60, 'Appolonia', '2 Duke Circle', 'Apodi', '683-671-8621', '64267975J');
insert into cliente (id, nombre, direccion, poblacion, telef, nif) values (61, 'Haily', '25353 Roxbury Crossing', 'Sikeshu', '533-311-3969', '95264252V');
insert into cliente (id, nombre, direccion, poblacion, telef, nif) values (62, 'Kelila', '9692 Delladonna Plaza', 'Kazlų Rūda', '250-725-1728', '48364583D');
insert into cliente (id, nombre, direccion, poblacion, telef, nif) values (63, 'Cristen', '777 Maywood Pass', 'Senglea', '271-308-7783', '43638846T');
insert into cliente (id, nombre, direccion, poblacion, telef, nif) values (64, 'Far', '4100 Morning Way', 'Kakamega', '848-242-1103', '81906070Q');
insert into cliente (id, nombre, direccion, poblacion, telef, nif) values (65, 'Clem', '87 Morrow Hill', 'Lundazi', '863-153-9868', '15072282W');
insert into cliente (id, nombre, direccion, poblacion, telef, nif) values (66, 'Xenos', '9255 Sherman Plaza', 'El Almendro', '274-707-6533', '01647613Q');
insert into cliente (id, nombre, direccion, poblacion, telef, nif) values (67, 'Mimi', '09363 Harbort Hill', 'Xilaiqiao', '116-885-2721', '14302127E');
insert into cliente (id, nombre, direccion, poblacion, telef, nif) values (68, 'Sabrina', '258 Grasskamp Avenue', 'Skien', '852-634-9681', '86630163K');
insert into cliente (id, nombre, direccion, poblacion, telef, nif) values (69, 'Jarad', '14 Fulton Drive', 'Huidong', '721-470-9025', '13886661N');
insert into cliente (id, nombre, direccion, poblacion, telef, nif) values (70, 'Nickolas', '74892 Dovetail Plaza', 'Komorniki', '759-405-2158', '61078577Y');
insert into cliente (id, nombre, direccion, poblacion, telef, nif) values (71, 'Allison', '70775 Monterey Avenue', 'Amor', '578-880-3076', '38611363M');
insert into cliente (id, nombre, direccion, poblacion, telef, nif) values (72, 'Farrand', '3 Loftsgordon Plaza', 'Ganquan', '754-755-7325', '44477955S');
insert into cliente (id, nombre, direccion, poblacion, telef, nif) values (73, 'Adair', '95 Cordelia Drive', 'Delod Pangkung', '400-202-5192', '43847973N');
insert into cliente (id, nombre, direccion, poblacion, telef, nif) values (74, 'Gertrudis', '62910 Independence Trail', 'Pākpattan', '292-288-6327', '45747330W');
insert into cliente (id, nombre, direccion, poblacion, telef, nif) values (75, 'Leena', '1616 Fremont Park', 'Chistopol’', '884-294-5081', '09466732Z');
insert into cliente (id, nombre, direccion, poblacion, telef, nif) values (76, 'Justinian', '54 Hoard Trail', 'Nowshahr', '629-426-1523', '23429871K');
insert into cliente (id, nombre, direccion, poblacion, telef, nif) values (77, 'Elnore', '4915 Moulton Place', 'Mourelos', '789-875-7562', '20710779M');
insert into cliente (id, nombre, direccion, poblacion, telef, nif) values (78, 'Nerti', '47 Bluejay Circle', 'Xindong', '487-611-6512', '28716112V');
insert into cliente (id, nombre, direccion, poblacion, telef, nif) values (79, 'Franzen', '0173 Caliangt Parkway', 'Sapat', '446-978-8593', '45687468H');
insert into cliente (id, nombre, direccion, poblacion, telef, nif) values (80, 'Lonna', '81 Basil Junction', 'Aginskoye', '911-838-0983', '89851181C');
insert into cliente (id, nombre, direccion, poblacion, telef, nif) values (81, 'Cacilia', '4782 Alpine Terrace', 'Tánh Linh', '784-106-5998', '45224218C');
insert into cliente (id, nombre, direccion, poblacion, telef, nif) values (82, 'Tansy', '3 Moland Point', 'Longbo', '390-813-4313', '11085255N');
insert into cliente (id, nombre, direccion, poblacion, telef, nif) values (83, 'Sibylla', '7 Jackson Crossing', 'Husów', '126-706-5969', '32897794Q');
insert into cliente (id, nombre, direccion, poblacion, telef, nif) values (84, 'Diane', '508 Fair Oaks Junction', 'Pico Truncado', '120-776-1892', '33058611C');
insert into cliente (id, nombre, direccion, poblacion, telef, nif) values (85, 'Jackie', '3 Havey Pass', 'Rochester', '507-468-5267', '88422685R');
insert into cliente (id, nombre, direccion, poblacion, telef, nif) values (86, 'Mora', '07 Killdeer Crossing', 'Lage', '498-581-6601', '79508503R');
insert into cliente (id, nombre, direccion, poblacion, telef, nif) values (87, 'Joanna', '179 Fulton Park', 'Laiya', '416-747-4657', '27678382W');
insert into cliente (id, nombre, direccion, poblacion, telef, nif) values (88, 'Donnell', '9 Coleman Lane', 'Musanze', '584-790-7674', '68698654V');
insert into cliente (id, nombre, direccion, poblacion, telef, nif) values (89, 'Jorie', '7 Nova Road', 'Šid', '930-279-9861', '95605818W');
insert into cliente (id, nombre, direccion, poblacion, telef, nif) values (90, 'Pegeen', '31 1st Pass', 'Haikou', '933-819-5492', '67932905N');
insert into cliente (id, nombre, direccion, poblacion, telef, nif) values (91, 'Nancey', '257 Lindbergh Terrace', 'Bauta', '824-435-4915', '05496409K');
insert into cliente (id, nombre, direccion, poblacion, telef, nif) values (92, 'Dominga', '6 Macpherson Center', 'Jiaocun', '112-571-5870', '84625312A');
insert into cliente (id, nombre, direccion, poblacion, telef, nif) values (93, 'Carmella', '57 Mcguire Trail', 'Tashkent', '342-307-2993', '06800888M');
insert into cliente (id, nombre, direccion, poblacion, telef, nif) values (94, 'Calli', '7605 Towne Way', 'Reisjärvi', '124-224-6278', '09011973X');
insert into cliente (id, nombre, direccion, poblacion, telef, nif) values (95, 'Chrisy', '0719 Hermina Court', 'Kibara', '730-415-6680', '27102107W');
insert into cliente (id, nombre, direccion, poblacion, telef, nif) values (96, 'Kennett', '5073 Dovetail Terrace', 'Librazhd', '504-447-4628', '76041061F');
insert into cliente (id, nombre, direccion, poblacion, telef, nif) values (97, 'Donnell', '1727 Northridge Plaza', 'Ra-ngae', '739-517-0840', '74272209K');
insert into cliente (id, nombre, direccion, poblacion, telef, nif) values (98, 'Rona', '4 Ramsey Hill', 'Nikopol’', '914-777-6945', '29348912B');
insert into cliente (id, nombre, direccion, poblacion, telef, nif) values (99, 'Val', '847 Sherman Road', 'Gereneng', '705-855-2054', '56226040K');
insert into cliente (id, nombre, direccion, poblacion, telef, nif) values (100, 'Eolanda', '05845 Division Point', 'Eiguliai', '499-609-7608', '54285576G');
insert into cliente (id, nombre, direccion, poblacion, telef, nif) values (101, 'Reagen', '4 South Drive', 'Gabú', '580-188-6374', '97127616N');
insert into cliente (id, nombre, direccion, poblacion, telef, nif) values (102, 'Keeley', '8062 Crest Line Alley', 'Bankim', '480-525-2359', '23686308W');
insert into cliente (id, nombre, direccion, poblacion, telef, nif) values (103, 'Emili', '02767 Farragut Circle', 'Yershov', '178-887-8180', '32349319T');
insert into cliente (id, nombre, direccion, poblacion, telef, nif) values (104, 'Karylin', '730 Dovetail Avenue', 'Shinan', '225-312-9983', '59981190W');
insert into cliente (id, nombre, direccion, poblacion, telef, nif) values (105, 'Darsey', '8 5th Plaza', 'San Juan Ixcoy', '293-681-7879', '12962765S');
insert into cliente (id, nombre, direccion, poblacion, telef, nif) values (106, 'Clarabelle', '37856 Sutteridge Lane', 'Pokachi', '285-338-8449', '95634305O');
insert into cliente (id, nombre, direccion, poblacion, telef, nif) values (107, 'Kelsi', '2519 Paget Way', 'Chenjiatan', '598-824-9193', '70829299E');
insert into cliente (id, nombre, direccion, poblacion, telef, nif) values (108, 'Jaymie', '80 Tennessee Road', 'Huangling', '534-586-6761', '56498987Q');
insert into cliente (id, nombre, direccion, poblacion, telef, nif) values (109, 'Ciro', '6 Maple Wood Park', 'Kebonagung', '488-884-5915', '57658400Q');
insert into cliente (id, nombre, direccion, poblacion, telef, nif) values (110, 'Gale', '23407 Heath Point', 'Lifuta', '568-160-7834', '54377535P');
insert into cliente (id, nombre, direccion, poblacion, telef, nif) values (111, 'Annnora', '55 Corben Alley', 'Shuishi', '858-114-4193', '19778114Z');
insert into cliente (id, nombre, direccion, poblacion, telef, nif) values (112, 'Adelaida', '3 La Follette Junction', 'Denglong', '543-390-9161', '22204143T');
insert into cliente (id, nombre, direccion, poblacion, telef, nif) values (113, 'Jard', '2665 Kenwood Road', 'Jaruco', '276-470-4790', '33515281H');
insert into cliente (id, nombre, direccion, poblacion, telef, nif) values (114, 'Rica', '89483 Boyd Circle', 'Pailin', '487-632-8286', '83240846D');
insert into cliente (id, nombre, direccion, poblacion, telef, nif) values (115, 'Anne-corinne', '0 Merchant Alley', 'Nuštar', '579-302-8375', '16947309A');
insert into cliente (id, nombre, direccion, poblacion, telef, nif) values (116, 'Orin', '0 Carey Point', 'Rego', '976-691-7896', '26801491T');
insert into cliente (id, nombre, direccion, poblacion, telef, nif) values (117, 'Giselle', '898 Northridge Street', 'Sankt Andrä-Höch', '604-868-4261', '46369143F');
insert into cliente (id, nombre, direccion, poblacion, telef, nif) values (118, 'Renell', '4524 Summer Ridge Place', 'Blessington', '358-506-7148', '12249900J');
insert into cliente (id, nombre, direccion, poblacion, telef, nif) values (119, 'Taddeusz', '84975 Vidon Place', 'Kurchaloy', '864-354-4534', '09459157T');
insert into cliente (id, nombre, direccion, poblacion, telef, nif) values (120, 'Gillie', '75 Grim Road', 'Bojonggaling', '208-958-5514', '43290421B');
insert into cliente (id, nombre, direccion, poblacion, telef, nif) values (121, 'Paulina', '219 Artisan Point', 'Phúc Yên', '122-859-6308', '51243942J');
insert into cliente (id, nombre, direccion, poblacion, telef, nif) values (122, 'Jaquenetta', '27 Hayes Plaza', 'Bugo', '923-337-1216', '99603984H');
insert into cliente (id, nombre, direccion, poblacion, telef, nif) values (123, 'Alex', '7 Mcbride Circle', 'Milwaukee', '360-304-3565', '47981929E');
insert into cliente (id, nombre, direccion, poblacion, telef, nif) values (124, 'Yetta', '601 Lakewood Road', 'Shar’ya', '935-217-4769', '31279397W');
insert into cliente (id, nombre, direccion, poblacion, telef, nif) values (125, 'Griffith', '3 Aberg Avenue', 'Shaxi', '225-688-9855', '00073405K');
insert into cliente (id, nombre, direccion, poblacion, telef, nif) values (126, 'Glynis', '834 Fallview Plaza', 'Vantaa', '435-333-1232', '59243314M');
insert into cliente (id, nombre, direccion, poblacion, telef, nif) values (127, 'Leese', '4071 Anniversary Drive', 'Monte Branco', '533-743-0985', '34982432Y');
insert into cliente (id, nombre, direccion, poblacion, telef, nif) values (128, 'Lanita', '3996 Stoughton Street', 'Bella Unión', '411-763-3508', '45656254P');
insert into cliente (id, nombre, direccion, poblacion, telef, nif) values (129, 'Mandel', '3823 Shasta Trail', 'San Juan Ixcoy', '327-379-8489', '23984905Y');
insert into cliente (id, nombre, direccion, poblacion, telef, nif) values (130, 'Northrop', '458 Oak Circle', 'Zhen’an', '825-314-1703', '39973506A');
insert into cliente (id, nombre, direccion, poblacion, telef, nif) values (131, 'Rivkah', '25628 East Place', 'Polo', '963-621-9587', '18776023K');
insert into cliente (id, nombre, direccion, poblacion, telef, nif) values (132, 'Olav', '70 Scofield Place', 'Taavetti', '790-451-8876', '21454340E');
insert into cliente (id, nombre, direccion, poblacion, telef, nif) values (133, 'Prudy', '2480 Annamark Road', 'Austin', '512-953-6429', '48623636X');
insert into cliente (id, nombre, direccion, poblacion, telef, nif) values (134, 'Sibley', '0 Fairfield Plaza', 'Ożarowice', '227-128-2700', '72790124C');
insert into cliente (id, nombre, direccion, poblacion, telef, nif) values (135, 'Codie', '4 Northland Crossing', 'Zhentian', '171-558-9309', '47314631J');
insert into cliente (id, nombre, direccion, poblacion, telef, nif) values (136, 'Hedvige', '395 Truax Parkway', 'Roma', '810-859-2478', '98179208B');
insert into cliente (id, nombre, direccion, poblacion, telef, nif) values (137, 'Cordey', '44100 Dayton Drive', 'Roberval', '231-117-1982', '40044376V');
insert into cliente (id, nombre, direccion, poblacion, telef, nif) values (138, 'Deb', '09 Sunnyside Terrace', 'Namasuba', '656-869-2765', '34319158N');
insert into cliente (id, nombre, direccion, poblacion, telef, nif) values (139, 'Ervin', '48 Kenwood Circle', 'Horqueta', '397-387-3366', '66115023B');
insert into cliente (id, nombre, direccion, poblacion, telef, nif) values (140, 'Max', '1 Pond Center', 'Kosh-Agach', '664-401-9394', '24212305B');
insert into cliente (id, nombre, direccion, poblacion, telef, nif) values (141, 'Giffie', '954 Express Way', 'Aquidauana', '320-516-0084', '38493113K');
insert into cliente (id, nombre, direccion, poblacion, telef, nif) values (142, 'Gaby', '17 Garrison Avenue', 'Panambi', '961-610-7105', '01267564Z');
insert into cliente (id, nombre, direccion, poblacion, telef, nif) values (143, 'Joni', '1016 Arkansas Center', 'Socota', '928-247-6462', '49161647S');
insert into cliente (id, nombre, direccion, poblacion, telef, nif) values (144, 'Sisile', '4283 Cherokee Avenue', 'Bulongji', '288-953-9651', '28797146E');
insert into cliente (id, nombre, direccion, poblacion, telef, nif) values (145, 'Nowell', '595 Morningstar Avenue', 'Fengcheng', '489-577-9636', '64590318B');
insert into cliente (id, nombre, direccion, poblacion, telef, nif) values (146, 'Hilde', '04940 Hooker Avenue', 'Los Fresnos', '372-362-9630', '29989771D');
insert into cliente (id, nombre, direccion, poblacion, telef, nif) values (147, 'Teodoor', '970 Eggendart Circle', 'Songying', '805-270-2235', '45389187D');
insert into cliente (id, nombre, direccion, poblacion, telef, nif) values (148, 'Rodolphe', '9 Hansons Road', 'Lidingö', '993-472-8397', '15143700U');
insert into cliente (id, nombre, direccion, poblacion, telef, nif) values (149, 'Jobey', '20824 Schmedeman Hill', 'Casimiro de Abreu', '484-555-0081', '25671202P');
insert into cliente (id, nombre, direccion, poblacion, telef, nif) values (150, 'Nels', '7 Truax Center', 'Medovene', '129-562-8312', '90941626Q');
insert into cliente (id, nombre, direccion, poblacion, telef, nif) values (151, 'Ronda', '8 Bay Center', 'Povorino', '594-773-8030', '40911106L');
insert into cliente (id, nombre, direccion, poblacion, telef, nif) values (152, 'Rakel', '908 Bunting Circle', 'Fëdorovskoye', '511-125-9101', '82391070U');
insert into cliente (id, nombre, direccion, poblacion, telef, nif) values (153, 'Emmalyn', '9 Melrose Circle', 'Gunjur Kuta', '621-152-4598', '93529855D');
insert into cliente (id, nombre, direccion, poblacion, telef, nif) values (154, 'Kati', '0866 Blue Bill Park Road', 'Gominhães', '643-398-3482', '50639447R');
insert into cliente (id, nombre, direccion, poblacion, telef, nif) values (155, 'Buffy', '53745 Troy Point', 'Diaoling', '747-332-8157', '88706339A');
insert into cliente (id, nombre, direccion, poblacion, telef, nif) values (156, 'Welch', '5018 Jackson Hill', 'Veternik', '864-329-5232', '37038004A');
insert into cliente (id, nombre, direccion, poblacion, telef, nif) values (157, 'Nari', '93669 Hansons Terrace', 'Pogwizdów', '537-921-9474', '03057715W');
insert into cliente (id, nombre, direccion, poblacion, telef, nif) values (158, 'Raquel', '13535 Cherokee Junction', 'Bang Rak', '901-211-3301', '83643971J');
insert into cliente (id, nombre, direccion, poblacion, telef, nif) values (159, 'Lemar', '0 Oak Valley Circle', 'Teslić', '965-646-6143', '11027066U');
insert into cliente (id, nombre, direccion, poblacion, telef, nif) values (160, 'Engelbert', '51 Debra Center', 'Sardasht', '838-499-5702', '88987232M');
insert into cliente (id, nombre, direccion, poblacion, telef, nif) values (161, 'Marina', '09729 American Pass', 'Wengyang', '143-782-9148', '88360808D');
insert into cliente (id, nombre, direccion, poblacion, telef, nif) values (162, 'Alika', '0746 Anderson Trail', 'Owase', '941-173-3694', '60790626Q');
insert into cliente (id, nombre, direccion, poblacion, telef, nif) values (163, 'Darcey', '5797 Mallory Way', 'La Unión', '730-958-5291', '73004299M');
insert into cliente (id, nombre, direccion, poblacion, telef, nif) values (164, 'Brunhilda', '45787 Birchwood Point', 'Martensville', '249-557-4632', '36471716V');
insert into cliente (id, nombre, direccion, poblacion, telef, nif) values (165, 'Chancey', '5 Pearson Alley', 'Otaslavice', '121-486-1935', '59203226G');
insert into cliente (id, nombre, direccion, poblacion, telef, nif) values (166, 'Corena', '464 Miller Parkway', 'Neuilly-sur-Seine', '592-930-0254', '23901963V');
insert into cliente (id, nombre, direccion, poblacion, telef, nif) values (167, 'Christoforo', '4946 Westridge Point', 'Tymoshivka', '800-333-4028', '90684625J');
insert into cliente (id, nombre, direccion, poblacion, telef, nif) values (168, 'Lamar', '5 Schlimgen Plaza', 'Dālbandīn', '505-516-8569', '14800361A');
insert into cliente (id, nombre, direccion, poblacion, telef, nif) values (169, 'Wilona', '982 Lawn Road', 'Bin’an', '446-213-4298', '45469325F');
insert into cliente (id, nombre, direccion, poblacion, telef, nif) values (170, 'Mechelle', '61 Bobwhite Parkway', 'Skogås', '101-117-6615', '76835417X');
insert into cliente (id, nombre, direccion, poblacion, telef, nif) values (171, 'Pietrek', '32035 Monica Pass', 'Veisiejai', '129-243-1843', '51617096E');
insert into cliente (id, nombre, direccion, poblacion, telef, nif) values (172, 'Pail', '6310 Marquette Hill', 'Makilala', '180-361-5831', '49366023Y');
insert into cliente (id, nombre, direccion, poblacion, telef, nif) values (173, 'Anett', '4591 Maryland Park', 'Tanashichō', '109-301-6509', '64536341S');
insert into cliente (id, nombre, direccion, poblacion, telef, nif) values (174, 'Celisse', '0277 Holmberg Point', 'Wantan', '661-308-8705', '38159625A');
insert into cliente (id, nombre, direccion, poblacion, telef, nif) values (175, 'Pansie', '5538 Briar Crest Pass', 'Loučovice', '353-149-4372', '94159508V');
insert into cliente (id, nombre, direccion, poblacion, telef, nif) values (176, 'Tremayne', '77 Sauthoff Parkway', 'Prozor', '766-791-7804', '02252508M');
insert into cliente (id, nombre, direccion, poblacion, telef, nif) values (177, 'Charmain', '134 Transport Way', 'Novosibirsk', '399-409-4949', '93153209N');
insert into cliente (id, nombre, direccion, poblacion, telef, nif) values (178, 'Olivie', '144 Vernon Drive', 'Santa Cecilia', '945-194-4279', '94871563L');
insert into cliente (id, nombre, direccion, poblacion, telef, nif) values (179, 'Shelby', '581 Grasskamp Hill', 'Mendes', '299-166-8224', '26140800U');
insert into cliente (id, nombre, direccion, poblacion, telef, nif) values (180, 'Marj', '757 Cody Way', 'Lazaro Cardenas', '174-945-3370', '35990745M');
insert into cliente (id, nombre, direccion, poblacion, telef, nif) values (181, 'Franky', '5145 Gale Park', 'København', '321-432-9818', '17232498W');
insert into cliente (id, nombre, direccion, poblacion, telef, nif) values (182, 'Tammy', '9279 Merry Lane', 'Guri-si', '702-981-2572', '03320459G');
insert into cliente (id, nombre, direccion, poblacion, telef, nif) values (183, 'Stevena', '634 Mitchell Plaza', 'Jaša Tomić', '375-498-5489', '11908525T');
insert into cliente (id, nombre, direccion, poblacion, telef, nif) values (184, 'Gardner', '706 Eagle Crest Circle', 'Drzewica', '997-511-7748', '75866897K');
insert into cliente (id, nombre, direccion, poblacion, telef, nif) values (185, 'Ciel', '86850 Burning Wood Pass', 'Normandin', '194-864-7040', '28901451V');
insert into cliente (id, nombre, direccion, poblacion, telef, nif) values (186, 'Lorette', '73956 Comanche Place', 'Uyovu', '662-190-2523', '96360416H');
insert into cliente (id, nombre, direccion, poblacion, telef, nif) values (187, 'Debi', '2072 Amoth Drive', 'Kaliningrad', '658-781-7663', '85094563M');
insert into cliente (id, nombre, direccion, poblacion, telef, nif) values (188, 'Godfrey', '6 Florence Lane', 'Calilegua', '636-145-1785', '63087550D');
insert into cliente (id, nombre, direccion, poblacion, telef, nif) values (189, 'Gerhardt', '33 Heffernan Junction', 'Hòa Bình', '868-566-5985', '71065632B');
insert into cliente (id, nombre, direccion, poblacion, telef, nif) values (190, 'Burton', '8478 Fairfield Alley', 'Tiantai Chengguanzhen', '494-186-4628', '36792070M');
insert into cliente (id, nombre, direccion, poblacion, telef, nif) values (191, 'Lonni', '00881 Graedel Lane', 'La Cruz', '903-625-1320', '62752075H');
insert into cliente (id, nombre, direccion, poblacion, telef, nif) values (192, 'Lane', '97 Pearson Parkway', 'Berlin', '821-406-9425', '02123061F');
insert into cliente (id, nombre, direccion, poblacion, telef, nif) values (193, 'Haleigh', '823 Burrows Point', 'Neftegorsk', '251-205-5822', '78960283C');
insert into cliente (id, nombre, direccion, poblacion, telef, nif) values (194, 'Paul', '702 Autumn Leaf Trail', 'Yaqian', '868-372-1251', '79136764D');
insert into cliente (id, nombre, direccion, poblacion, telef, nif) values (195, 'Ignaz', '33 Riverside Plaza', 'Paniqui', '361-718-0506', '20105761W');
insert into cliente (id, nombre, direccion, poblacion, telef, nif) values (196, 'Kassia', '1312 Beilfuss Alley', 'Sihe', '584-740-5405', '42660068E');
insert into cliente (id, nombre, direccion, poblacion, telef, nif) values (197, 'Jan', '21 Jackson Trail', 'Mogapinyana', '166-507-2875', '67540938U');
insert into cliente (id, nombre, direccion, poblacion, telef, nif) values (198, 'Portia', '5901 Kedzie Pass', 'Волочаевское', '322-783-0296', '17155987Y');
insert into cliente (id, nombre, direccion, poblacion, telef, nif) values (199, 'Loria', '89 Oxford Circle', 'Budy', '222-361-5101', '30998515M');
insert into cliente (id, nombre, direccion, poblacion, telef, nif) values (200, 'Say', '09 Lillian Center', 'Gumel', '620-473-2329', '79900615J');
insert into cliente (id, nombre, direccion, poblacion, telef, nif) values (201, 'Helge', '28419 Hauk Drive', 'Ueki', '741-239-4635', '41849079F');
insert into cliente (id, nombre, direccion, poblacion, telef, nif) values (202, 'Horatia', '4085 Swallow Circle', 'Nieszawa', '374-837-1793', '78469672X');
insert into cliente (id, nombre, direccion, poblacion, telef, nif) values (203, 'Trent', '84565 Warner Avenue', 'Tapera', '336-288-0360', '47407704U');
insert into cliente (id, nombre, direccion, poblacion, telef, nif) values (204, 'Orland', '9449 Kinsman Place', 'Vancouver', '360-868-8401', '19210376R');
insert into cliente (id, nombre, direccion, poblacion, telef, nif) values (205, 'Bret', '535 Karstens Drive', 'Chropyně', '250-712-1902', '01597622L');
insert into cliente (id, nombre, direccion, poblacion, telef, nif) values (206, 'Halley', '921 School Circle', 'Vizal San Pablo', '156-110-0720', '12825448R');
insert into cliente (id, nombre, direccion, poblacion, telef, nif) values (207, 'Mic', '2 Cottonwood Place', 'Bryan', '979-610-5688', '01927292X');
insert into cliente (id, nombre, direccion, poblacion, telef, nif) values (208, 'Ase', '93 Florence Circle', 'Guandu', '231-202-5629', '31866525B');
insert into cliente (id, nombre, direccion, poblacion, telef, nif) values (209, 'Krystle', '41 Arkansas Street', 'Garoua Boulaï', '562-436-2212', '85310376X');
insert into cliente (id, nombre, direccion, poblacion, telef, nif) values (210, 'Pearla', '81 Meadow Valley Terrace', 'Forshaga', '118-133-3012', '19787133M');
insert into cliente (id, nombre, direccion, poblacion, telef, nif) values (211, 'Cally', '7830 Marcy Circle', 'Salcedo', '123-798-7131', '59740174P');
insert into cliente (id, nombre, direccion, poblacion, telef, nif) values (212, 'Des', '482 Schmedeman Park', 'Sanjiang', '116-948-0524', '57797061V');
insert into cliente (id, nombre, direccion, poblacion, telef, nif) values (213, 'Halley', '7 Carioca Point', 'Yelyzavethradka', '591-151-3577', '23249101K');
insert into cliente (id, nombre, direccion, poblacion, telef, nif) values (214, 'Barbee', '730 Luster Center', 'Sundsvall', '417-359-8943', '26262125Q');
insert into cliente (id, nombre, direccion, poblacion, telef, nif) values (215, 'Nissa', '0052 Chive Point', 'Årjäng', '786-234-0980', '61835266R');
insert into cliente (id, nombre, direccion, poblacion, telef, nif) values (216, 'Roddy', '76804 Sloan Street', 'Solnechnoye', '193-120-4820', '82595578X');
insert into cliente (id, nombre, direccion, poblacion, telef, nif) values (217, 'Jefferson', '0 Mariners Cove Road', 'Tavira', '854-556-7613', '12382979P');
insert into cliente (id, nombre, direccion, poblacion, telef, nif) values (218, 'Arlinda', '87293 Roxbury Place', 'Delanggu', '206-403-1929', '43635105Y');
insert into cliente (id, nombre, direccion, poblacion, telef, nif) values (219, 'Odell', '98 Coolidge Place', 'Gotemba', '604-282-0159', '86898603H');
insert into cliente (id, nombre, direccion, poblacion, telef, nif) values (220, 'Perry', '7662 Dennis Parkway', 'Krasnodar', '161-912-5569', '11343067I');
insert into cliente (id, nombre, direccion, poblacion, telef, nif) values (221, 'Wynny', '544 Sauthoff Point', 'Hengjian', '768-651-5089', '33413523P');
insert into cliente (id, nombre, direccion, poblacion, telef, nif) values (222, 'Guendolen', '96 Buell Circle', 'Mariana', '644-131-3736', '21949949U');
insert into cliente (id, nombre, direccion, poblacion, telef, nif) values (223, 'Josh', '67 Golden Leaf Point', 'Djambala', '373-945-3783', '52323294J');
insert into cliente (id, nombre, direccion, poblacion, telef, nif) values (224, 'Gertrud', '3 Kim Way', 'Kotovsk', '650-308-4230', '82733019R');
insert into cliente (id, nombre, direccion, poblacion, telef, nif) values (225, 'Elia', '85 Fulton Park', 'Gongming', '489-500-2044', '53466325N');
insert into cliente (id, nombre, direccion, poblacion, telef, nif) values (226, 'Rivy', '38 Judy Street', 'Stockholm', '764-842-0861', '09889304U');
insert into cliente (id, nombre, direccion, poblacion, telef, nif) values (227, 'Parke', '03985 Express Hill', 'Mingcheng', '635-910-0566', '51472974H');
insert into cliente (id, nombre, direccion, poblacion, telef, nif) values (228, 'Susanne', '375 Comanche Crossing', 'Atiquizaya', '794-164-6360', '25042454T');
insert into cliente (id, nombre, direccion, poblacion, telef, nif) values (229, 'Shelley', '61068 Boyd Drive', 'Arapuey', '596-576-6909', '93601447N');
insert into cliente (id, nombre, direccion, poblacion, telef, nif) values (230, 'Moises', '200 Anzinger Trail', 'Xingxi', '831-389-3924', '49492594N');
insert into cliente (id, nombre, direccion, poblacion, telef, nif) values (231, 'Devlin', '3945 Stang Place', 'Kendari', '641-895-3620', '61899387Q');
insert into cliente (id, nombre, direccion, poblacion, telef, nif) values (232, 'Dale', '022 Rockefeller Street', 'Serra', '513-588-7968', '45465218P');
insert into cliente (id, nombre, direccion, poblacion, telef, nif) values (233, 'Alena', '4 Fulton Plaza', 'Rawasan', '564-283-8100', '07864241V');
insert into cliente (id, nombre, direccion, poblacion, telef, nif) values (234, 'Sibeal', '144 Sullivan Avenue', 'Fundación', '334-383-9458', '44075064I');
insert into cliente (id, nombre, direccion, poblacion, telef, nif) values (235, 'Blondy', '77 Bluejay Park', 'Hecun', '455-444-9605', '28112659B');
insert into cliente (id, nombre, direccion, poblacion, telef, nif) values (236, 'Gabriel', '2827 Doe Crossing Center', 'Leme', '933-882-4662', '07568095G');
insert into cliente (id, nombre, direccion, poblacion, telef, nif) values (237, 'Ashlen', '865 Becker Street', 'Iaçu', '539-918-7496', '45896386G');
insert into cliente (id, nombre, direccion, poblacion, telef, nif) values (238, 'Krishnah', '4 Fairview Center', 'Lagoa', '755-406-0634', '38611861R');
insert into cliente (id, nombre, direccion, poblacion, telef, nif) values (239, 'Roberta', '7584 Arapahoe Hill', 'Tangzhai', '760-410-7378', '84629064W');
insert into cliente (id, nombre, direccion, poblacion, telef, nif) values (240, 'Elvina', '35592 Towne Street', 'Dongbei', '868-613-4337', '68630330L');
insert into cliente (id, nombre, direccion, poblacion, telef, nif) values (241, 'Balduin', '240 Rockefeller Parkway', 'Gävle', '904-151-2187', '31432379N');
insert into cliente (id, nombre, direccion, poblacion, telef, nif) values (242, 'Catherina', '38617 Eastwood Center', 'Anaráchi', '330-178-6052', '27915102Z');
insert into cliente (id, nombre, direccion, poblacion, telef, nif) values (243, 'Frank', '1258 Waxwing Terrace', 'Berck', '208-758-7208', '72755453X');
insert into cliente (id, nombre, direccion, poblacion, telef, nif) values (244, 'Eduard', '58 Waubesa Parkway', 'Tonoshō', '893-820-1345', '31909847A');
insert into cliente (id, nombre, direccion, poblacion, telef, nif) values (245, 'Claire', '5 Thierer Road', 'Novoselec', '219-899-0272', '58303127K');
insert into cliente (id, nombre, direccion, poblacion, telef, nif) values (246, 'Josee', '2611 Cody Way', 'Circasia', '525-433-1512', '58962028B');
insert into cliente (id, nombre, direccion, poblacion, telef, nif) values (247, 'Rosalia', '39 Michigan Junction', 'Abbeville', '183-652-9078', '60615751W');
insert into cliente (id, nombre, direccion, poblacion, telef, nif) values (248, 'Toma', '053 Shelley Park', 'Três Rios', '253-319-8987', '93575270Q');
insert into cliente (id, nombre, direccion, poblacion, telef, nif) values (249, 'Giles', '28 Transport Parkway', 'København', '744-490-2136', '42212510H');
insert into cliente (id, nombre, direccion, poblacion, telef, nif) values (250, 'Leanor', '1 Pankratz Junction', 'Polel Diaoubé', '794-871-1682', '05428447F');
insert into cliente (id, nombre, direccion, poblacion, telef, nif) values (251, 'Ruthi', '2 Red Cloud Terrace', 'Netrakona', '704-987-2936', '83178175A');
insert into cliente (id, nombre, direccion, poblacion, telef, nif) values (252, 'Wain', '54354 Reinke Road', 'Lipsko', '545-133-3549', '01874281G');
insert into cliente (id, nombre, direccion, poblacion, telef, nif) values (253, 'Amandi', '9 Canary Court', 'Xingguo', '939-705-1800', '11122044Q');
insert into cliente (id, nombre, direccion, poblacion, telef, nif) values (254, 'Dael', '7 Farwell Drive', 'Oslo', '350-858-9043', '53627752V');
insert into cliente (id, nombre, direccion, poblacion, telef, nif) values (255, 'Pooh', '24 Merry Hill', 'Naga', '427-211-2885', '67294471Q');
insert into cliente (id, nombre, direccion, poblacion, telef, nif) values (256, 'Nara', '7297 Kipling Circle', 'Järfälla', '406-146-0426', '09742128E');
insert into cliente (id, nombre, direccion, poblacion, telef, nif) values (257, 'Ichabod', '20 Dwight Road', 'Kiloloran', '585-686-6263', '33670923E');
insert into cliente (id, nombre, direccion, poblacion, telef, nif) values (258, 'Theo', '1496 Jana Center', 'Pilníkov', '435-646-5582', '14807373I');
insert into cliente (id, nombre, direccion, poblacion, telef, nif) values (259, 'Abner', '4107 5th Park', 'Ucuncha', '607-267-3991', '44077013G');
insert into cliente (id, nombre, direccion, poblacion, telef, nif) values (260, 'Maude', '1 Crowley Point', 'El Zapotal del Norte', '642-614-9790', '54977745T');
insert into cliente (id, nombre, direccion, poblacion, telef, nif) values (261, 'Jeremie', '537 Reindahl Terrace', 'Punat', '852-467-0073', '95310027W');
insert into cliente (id, nombre, direccion, poblacion, telef, nif) values (262, 'Sheree', '8 Forest Run Plaza', 'Stęszew', '623-506-1198', '45939628A');
insert into cliente (id, nombre, direccion, poblacion, telef, nif) values (263, 'Lindsey', '57808 Pleasure Road', 'Oriximiná', '756-997-8991', '02847676O');
insert into cliente (id, nombre, direccion, poblacion, telef, nif) values (264, 'Rosemary', '0 Algoma Junction', 'Beausejour', '389-159-0829', '76922926X');
insert into cliente (id, nombre, direccion, poblacion, telef, nif) values (265, 'Vonnie', '2435 Utah Crossing', 'Andradas', '330-225-0728', '12342728F');
insert into cliente (id, nombre, direccion, poblacion, telef, nif) values (266, 'Lonny', '943 Anhalt Trail', 'Finzes', '621-488-0034', '83251736K');
insert into cliente (id, nombre, direccion, poblacion, telef, nif) values (267, 'Petr', '623 Ridgeway Terrace', 'Morales', '916-582-5960', '81111295I');
insert into cliente (id, nombre, direccion, poblacion, telef, nif) values (268, 'Gisela', '2 Gulseth Terrace', 'Omišalj', '890-184-1734', '03685622Q');
insert into cliente (id, nombre, direccion, poblacion, telef, nif) values (269, 'Pansie', '961 Corscot Road', 'Jessore', '164-181-5333', '23340216P');
insert into cliente (id, nombre, direccion, poblacion, telef, nif) values (270, 'Coral', '8 Crowley Avenue', 'Hāfizābād', '185-720-2897', '42211529D');
insert into cliente (id, nombre, direccion, poblacion, telef, nif) values (271, 'Kennett', '671 Jenifer Way', 'Cumaná', '480-582-1657', '91432204Q');
insert into cliente (id, nombre, direccion, poblacion, telef, nif) values (272, 'Helli', '95114 Nobel Road', 'Irati', '186-826-8112', '96032596B');
insert into cliente (id, nombre, direccion, poblacion, telef, nif) values (273, 'Hulda', '4188 Scoville Center', 'Quba', '770-515-2221', '44740444Y');
insert into cliente (id, nombre, direccion, poblacion, telef, nif) values (274, 'Aylmar', '477 Walton Parkway', 'Dong Charoen', '844-315-5332', '28457333E');
insert into cliente (id, nombre, direccion, poblacion, telef, nif) values (275, 'Christi', '989 Butternut Pass', 'Bereeda', '430-764-4707', '15090014Q');
insert into cliente (id, nombre, direccion, poblacion, telef, nif) values (276, 'Sascha', '2 Clarendon Place', 'Ndago', '855-984-9494', '40683781E');
insert into cliente (id, nombre, direccion, poblacion, telef, nif) values (277, 'Ransell', '35247 Barby Avenue', 'Zakamensk', '503-802-3595', '15448225L');
insert into cliente (id, nombre, direccion, poblacion, telef, nif) values (278, 'Jackelyn', '6 Johnson Court', 'São José dos Campos', '219-923-8501', '62130936V');
insert into cliente (id, nombre, direccion, poblacion, telef, nif) values (279, 'Thadeus', '19 International Parkway', 'Mardakyany', '573-508-4948', '69270944O');
insert into cliente (id, nombre, direccion, poblacion, telef, nif) values (280, 'Thekla', '9 Debs Park', 'Kuybyshevskiy Zaton', '194-858-5218', '36801337P');
insert into cliente (id, nombre, direccion, poblacion, telef, nif) values (281, 'Davidson', '6837 Northridge Junction', 'Rossosh’', '749-798-3118', '25814146K');
insert into cliente (id, nombre, direccion, poblacion, telef, nif) values (282, 'Jillene', '48320 Delladonna Park', 'Muang Sing', '755-336-6096', '65885167O');
insert into cliente (id, nombre, direccion, poblacion, telef, nif) values (283, 'Minna', '0961 Merchant Way', 'Isangel', '335-676-9693', '60397872F');
insert into cliente (id, nombre, direccion, poblacion, telef, nif) values (284, 'Alvinia', '4964 Elka Drive', 'Bilopillya', '974-172-0804', '48733652R');
insert into cliente (id, nombre, direccion, poblacion, telef, nif) values (285, 'Doria', '9 Milwaukee Plaza', 'Jinping', '884-683-8287', '92322714Y');
insert into cliente (id, nombre, direccion, poblacion, telef, nif) values (286, 'Tracie', '069 Dottie Circle', 'Chengjiao', '783-135-7194', '01251233W');
insert into cliente (id, nombre, direccion, poblacion, telef, nif) values (287, 'Mike', '090 Randy Center', 'Biliri', '139-419-9511', '30008750D');
insert into cliente (id, nombre, direccion, poblacion, telef, nif) values (288, 'Penn', '83 Melrose Park', 'Catamayo', '233-760-2743', '39337231B');
insert into cliente (id, nombre, direccion, poblacion, telef, nif) values (289, 'Charmion', '68 Monica Center', 'Yaopi', '909-915-9024', '83025911N');
insert into cliente (id, nombre, direccion, poblacion, telef, nif) values (290, 'Perren', '14211 Tennessee Hill', 'New Westminster', '579-734-4445', '65290258S');
insert into cliente (id, nombre, direccion, poblacion, telef, nif) values (291, 'Raddy', '34 Darwin Place', 'Petrikov', '507-216-1901', '45764537L');
insert into cliente (id, nombre, direccion, poblacion, telef, nif) values (292, 'Janela', '6 Fremont Pass', 'Nara-shi', '655-295-7425', '23013480D');
insert into cliente (id, nombre, direccion, poblacion, telef, nif) values (293, 'Marty', '80 Ridge Oak Avenue', 'Pakis', '720-580-7313', '47591283K');
insert into cliente (id, nombre, direccion, poblacion, telef, nif) values (294, 'Marrilee', '0915 Carey Point', 'Beitai', '917-512-7425', '07152131M');
insert into cliente (id, nombre, direccion, poblacion, telef, nif) values (295, 'Chris', '87 Arrowood Center', 'Combita', '899-440-9689', '26145082N');
insert into cliente (id, nombre, direccion, poblacion, telef, nif) values (296, 'Malcolm', '8526 Annamark Junction', 'Barranco de Loba', '884-136-1953', '77472188E');
insert into cliente (id, nombre, direccion, poblacion, telef, nif) values (297, 'Murial', '5341 Walton Hill', 'Gangjia', '487-884-2129', '18504485Y');
insert into cliente (id, nombre, direccion, poblacion, telef, nif) values (298, 'Ransom', '834 Roth Street', 'Deir Ḥannā', '887-999-7709', '18042594Y');
insert into cliente (id, nombre, direccion, poblacion, telef, nif) values (299, 'Levey', '2 Dryden Center', 'Middleton', '952-667-9846', '31104471V');
insert into cliente (id, nombre, direccion, poblacion, telef, nif) values (300, 'Geordie', '55876 Anthes Circle', 'Kopstal', '445-439-2058', '81251338J');
insert into cliente (id, nombre, direccion, poblacion, telef, nif) values (301, 'Wilhelmina', '853 Laurel Street', 'Carania', '555-827-7637', '19507367X');
insert into cliente (id, nombre, direccion, poblacion, telef, nif) values (302, 'Brynna', '533 Rutledge Place', 'Hehu', '978-158-4389', '79453544T');
insert into cliente (id, nombre, direccion, poblacion, telef, nif) values (303, 'Wandie', '066 Warrior Drive', 'Kokofata', '862-253-7619', '09189599C');
insert into cliente (id, nombre, direccion, poblacion, telef, nif) values (304, 'Alexander', '8 Myrtle Circle', 'Wuqu', '403-754-0061', '93431832R');
insert into cliente (id, nombre, direccion, poblacion, telef, nif) values (305, 'Art', '70498 Tomscot Parkway', 'Taoyuan', '932-256-0344', '87807313W');
insert into cliente (id, nombre, direccion, poblacion, telef, nif) values (306, 'Tate', '91 Duke Alley', 'Paris 10', '301-516-6378', '66068855D');
insert into cliente (id, nombre, direccion, poblacion, telef, nif) values (307, 'Waylin', '06 Steensland Circle', 'Guangshan', '815-515-0195', '35525629I');
insert into cliente (id, nombre, direccion, poblacion, telef, nif) values (308, 'Kata', '4 Judy Court', 'Cabalaoangan', '452-254-6005', '86358104G');
insert into cliente (id, nombre, direccion, poblacion, telef, nif) values (309, 'Elora', '1355 Sycamore Road', 'Catamayo', '274-149-8505', '87457438G');
insert into cliente (id, nombre, direccion, poblacion, telef, nif) values (310, 'Forrester', '1 Reinke Road', 'Ganyan', '497-627-0965', '01034797P');
insert into cliente (id, nombre, direccion, poblacion, telef, nif) values (311, 'Red', '334 Hauk Drive', 'Värmdö', '174-162-5428', '27432066V');
insert into cliente (id, nombre, direccion, poblacion, telef, nif) values (312, 'Jacquelyn', '4017 Kings Place', 'Panjakent', '361-219-5454', '81166849U');
insert into cliente (id, nombre, direccion, poblacion, telef, nif) values (313, 'Dacey', '7462 Johnson Pass', 'Piracaia', '907-944-0635', '29351538O');
insert into cliente (id, nombre, direccion, poblacion, telef, nif) values (314, 'Laryssa', '81117 Lighthouse Bay Park', 'Markópoulo Oropoú', '241-984-1332', '27703615N');
insert into cliente (id, nombre, direccion, poblacion, telef, nif) values (315, 'Nicola', '27373 Stuart Trail', 'Kalmar', '464-230-2223', '66888973I');
insert into cliente (id, nombre, direccion, poblacion, telef, nif) values (316, 'Eolanda', '0332 2nd Point', 'Juàzeirinho', '339-700-6343', '10067721T');
insert into cliente (id, nombre, direccion, poblacion, telef, nif) values (317, 'Daniela', '6 Pine View Court', 'Xilópolis', '782-344-6927', '38119809S');
insert into cliente (id, nombre, direccion, poblacion, telef, nif) values (318, 'Kimmie', '7125 Autumn Leaf Circle', 'Cigalontang', '266-803-6369', '82336545V');
insert into cliente (id, nombre, direccion, poblacion, telef, nif) values (319, 'Anatola', '52492 Vidon Junction', 'Chernelytsya', '946-253-1060', '90700987M');
insert into cliente (id, nombre, direccion, poblacion, telef, nif) values (320, 'Jaime', '1335 Morrow Hill', 'Rambouillet', '261-422-5540', '32925393R');
insert into cliente (id, nombre, direccion, poblacion, telef, nif) values (321, 'Fanni', '9 Tony Point', 'Karanganyar', '850-126-6899', '46809996S');
insert into cliente (id, nombre, direccion, poblacion, telef, nif) values (322, 'Artair', '13686 Sauthoff Trail', 'Eisen', '225-748-5874', '78702772K');
insert into cliente (id, nombre, direccion, poblacion, telef, nif) values (323, 'Arvy', '38 Steensland Pass', 'Mników', '856-705-6947', '13923393K');
insert into cliente (id, nombre, direccion, poblacion, telef, nif) values (324, 'Heidie', '445 Hudson Point', 'Zyryanovsk', '638-788-4427', '48866461E');
insert into cliente (id, nombre, direccion, poblacion, telef, nif) values (325, 'Genny', '2722 Bashford Park', 'Bosanski Šamac', '702-856-8439', '70377408F');
insert into cliente (id, nombre, direccion, poblacion, telef, nif) values (326, 'Virginie', '15 Jana Park', 'Sanshilipu', '527-562-8942', '37616027F');
insert into cliente (id, nombre, direccion, poblacion, telef, nif) values (327, 'Sheelagh', '62064 Calypso Trail', 'Ketanggungan', '518-366-7492', '19077886F');
insert into cliente (id, nombre, direccion, poblacion, telef, nif) values (328, 'Nissy', '77 Dunning Terrace', 'Krajan Battal', '876-998-6065', '33194497A');
insert into cliente (id, nombre, direccion, poblacion, telef, nif) values (329, 'Wadsworth', '019 Westport Avenue', 'Baleber', '454-273-3445', '82118965W');
insert into cliente (id, nombre, direccion, poblacion, telef, nif) values (330, 'Sheridan', '3 Riverside Alley', 'Mirriah', '238-877-9890', '47371199T');
insert into cliente (id, nombre, direccion, poblacion, telef, nif) values (331, 'Buffy', '57 Crescent Oaks Way', 'Verkh-Usugli', '729-669-6357', '28482319D');
insert into cliente (id, nombre, direccion, poblacion, telef, nif) values (332, 'Naoma', '351 Anniversary Hill', 'Yunyang', '862-782-8527', '40416282P');
insert into cliente (id, nombre, direccion, poblacion, telef, nif) values (333, 'Keelia', '0 Schurz Center', 'Renyi', '699-357-3574', '99031517F');
insert into cliente (id, nombre, direccion, poblacion, telef, nif) values (334, 'Hercule', '290 Talisman Alley', 'Fengxi', '412-845-7818', '24948059O');
insert into cliente (id, nombre, direccion, poblacion, telef, nif) values (335, 'Joyan', '1 Merrick Plaza', 'Yushanpu', '557-908-0685', '65423319N');
insert into cliente (id, nombre, direccion, poblacion, telef, nif) values (336, 'Celestina', '4 Crest Line Pass', 'Sidomulyo', '416-196-8187', '30655356W');
insert into cliente (id, nombre, direccion, poblacion, telef, nif) values (337, 'Rosanna', '188 Hanson Alley', 'Suwangi Utara', '900-394-0761', '88121336O');
insert into cliente (id, nombre, direccion, poblacion, telef, nif) values (338, 'Moritz', '1227 Moose Crossing', 'Makiyivka', '808-582-0996', '00158893S');
insert into cliente (id, nombre, direccion, poblacion, telef, nif) values (339, 'Miquela', '0 Hagan Crossing', 'Wenchang', '532-479-5150', '52212016X');
insert into cliente (id, nombre, direccion, poblacion, telef, nif) values (340, 'Stanwood', '6 Heath Hill', 'Qianzhou', '459-320-9395', '58154178Y');
insert into cliente (id, nombre, direccion, poblacion, telef, nif) values (341, 'Lucina', '497 Declaration Alley', 'San José de Miranda', '513-295-5279', '13815732B');
insert into cliente (id, nombre, direccion, poblacion, telef, nif) values (342, 'Shelbi', '5644 Pearson Place', 'Ińsko', '253-193-3437', '88164130V');
insert into cliente (id, nombre, direccion, poblacion, telef, nif) values (343, 'Jermaine', '37862 Graceland Hill', 'Przewóz', '350-753-7988', '19178988P');
insert into cliente (id, nombre, direccion, poblacion, telef, nif) values (344, 'Adaline', '2116 Forest Pass', 'Yimnón', '494-379-7392', '58809474K');
insert into cliente (id, nombre, direccion, poblacion, telef, nif) values (345, 'Babara', '34 Atwood Lane', 'Novopokrovka', '496-356-0883', '92399535I');
insert into cliente (id, nombre, direccion, poblacion, telef, nif) values (346, 'Lorinda', '2312 Mariners Cove Crossing', 'San Lucas Tolimán', '545-316-3197', '25252809D');
insert into cliente (id, nombre, direccion, poblacion, telef, nif) values (347, 'Agnesse', '1 South Avenue', 'Novorozhdestvenskaya', '303-467-5359', '69828476M');
insert into cliente (id, nombre, direccion, poblacion, telef, nif) values (348, 'Loretta', '21 Oak Valley Pass', 'Komatsushimachō', '653-216-1130', '77349504C');
insert into cliente (id, nombre, direccion, poblacion, telef, nif) values (349, 'Nathalie', '38306 5th Way', 'Kiltamagh', '504-317-6392', '80926403D');
insert into cliente (id, nombre, direccion, poblacion, telef, nif) values (350, 'Andy', '49 Independence Way', 'Lindome', '126-834-7553', '39908679D');
insert into cliente (id, nombre, direccion, poblacion, telef, nif) values (351, 'Rhodia', '48513 Rusk Park', 'Nankou', '215-658-2644', '91542091T');
insert into cliente (id, nombre, direccion, poblacion, telef, nif) values (352, 'Jessie', '25052 Troy Point', 'Samayac', '227-249-2452', '57111005W');
insert into cliente (id, nombre, direccion, poblacion, telef, nif) values (353, 'Dicky', '28 Logan Parkway', 'Pustomyty', '499-498-2554', '03195361Y');
insert into cliente (id, nombre, direccion, poblacion, telef, nif) values (354, 'Wenonah', '2797 Milwaukee Pass', 'Baltimore', '410-509-0170', '20710038J');
insert into cliente (id, nombre, direccion, poblacion, telef, nif) values (355, 'Herculie', '27 Lindbergh Court', 'Kebon Tengah', '845-700-7980', '52396715J');
insert into cliente (id, nombre, direccion, poblacion, telef, nif) values (356, 'Becki', '123 Rusk Plaza', 'Sunbu', '863-219-1548', '30059298R');
insert into cliente (id, nombre, direccion, poblacion, telef, nif) values (357, 'Ozzy', '688 Sherman Alley', 'Kotor', '757-598-8379', '47898794Y');
insert into cliente (id, nombre, direccion, poblacion, telef, nif) values (358, 'Kaitlin', '93 Moland Point', 'Orkney', '486-833-5419', '35675793C');
insert into cliente (id, nombre, direccion, poblacion, telef, nif) values (359, 'Ephrayim', '8 Northridge Parkway', 'Panglanjan', '699-185-4338', '38447238Q');
insert into cliente (id, nombre, direccion, poblacion, telef, nif) values (360, 'Rafi', '6 Petterle Lane', 'Dalianhe', '442-527-9716', '57118908V');
insert into cliente (id, nombre, direccion, poblacion, telef, nif) values (361, 'Ber', '6184 Mitchell Parkway', 'Mikhaylovsk', '994-663-7332', '16264542X');
insert into cliente (id, nombre, direccion, poblacion, telef, nif) values (362, 'Rebeca', '955 Lunder Way', 'Fonteleite', '396-956-6431', '35798095C');
insert into cliente (id, nombre, direccion, poblacion, telef, nif) values (363, 'Elmore', '2763 Warner Way', 'Banqiao', '254-382-0015', '87307320X');
insert into cliente (id, nombre, direccion, poblacion, telef, nif) values (364, 'Elisabeth', '361 4th Parkway', 'Smederevska Palanka', '264-267-6177', '40412476O');
insert into cliente (id, nombre, direccion, poblacion, telef, nif) values (365, 'Brockie', '0138 Lerdahl Trail', 'Hidalgo', '603-549-6158', '04493492G');
insert into cliente (id, nombre, direccion, poblacion, telef, nif) values (366, 'Gloriane', '87 Quincy Road', 'Siedlce', '532-269-8352', '67631199L');
insert into cliente (id, nombre, direccion, poblacion, telef, nif) values (367, 'Eugenie', '197 Lerdahl Crossing', 'Pawłowiczki', '391-928-9448', '51796134D');
insert into cliente (id, nombre, direccion, poblacion, telef, nif) values (368, 'Chrissy', '274 High Crossing Circle', 'Engure', '816-275-5195', '95599788E');
insert into cliente (id, nombre, direccion, poblacion, telef, nif) values (369, 'Kendall', '566 Dixon Place', 'Besah', '468-431-6928', '00981609R');
insert into cliente (id, nombre, direccion, poblacion, telef, nif) values (370, 'Dietrich', '68567 Briar Crest Drive', 'Bus’k', '813-652-0375', '74162652L');
insert into cliente (id, nombre, direccion, poblacion, telef, nif) values (371, 'Trisha', '3 Tennessee Pass', 'Protección', '553-846-3556', '39746910P');
insert into cliente (id, nombre, direccion, poblacion, telef, nif) values (372, 'Nicoli', '29183 Corben Junction', 'La Esperanza', '580-754-3282', '31717814N');
insert into cliente (id, nombre, direccion, poblacion, telef, nif) values (373, 'Nico', '2 Valley Edge Alley', 'San Antonio de los Cobres', '733-882-0707', '38227802S');
insert into cliente (id, nombre, direccion, poblacion, telef, nif) values (374, 'Patrick', '78577 Blaine Road', 'Rîbniţa', '889-450-2597', '10324586Q');
insert into cliente (id, nombre, direccion, poblacion, telef, nif) values (375, 'Mill', '864 Grasskamp Street', 'Obihiro', '192-863-0343', '64030508A');
insert into cliente (id, nombre, direccion, poblacion, telef, nif) values (376, 'Rosanne', '08 Reinke Parkway', 'Nanzhai', '615-706-5567', '31835619Z');
insert into cliente (id, nombre, direccion, poblacion, telef, nif) values (377, 'Cammi', '8853 Valley Edge Plaza', 'Środa Wielkopolska', '979-903-4967', '18523104J');
insert into cliente (id, nombre, direccion, poblacion, telef, nif) values (378, 'Ashly', '44 Morningstar Avenue', 'Besukrejo', '636-934-9554', '80555995Q');
insert into cliente (id, nombre, direccion, poblacion, telef, nif) values (379, 'Cyndie', '020 Cherokee Alley', 'Xuwei', '149-302-9157', '02656310P');
insert into cliente (id, nombre, direccion, poblacion, telef, nif) values (380, 'Delia', '024 Thackeray Trail', 'Karabudakhkent', '997-122-6140', '10393314T');
insert into cliente (id, nombre, direccion, poblacion, telef, nif) values (381, 'Morly', '7 Badeau Hill', 'Kaset Wisai', '470-736-5241', '76940283B');
insert into cliente (id, nombre, direccion, poblacion, telef, nif) values (382, 'Ruggiero', '5138 Golf Course Trail', 'Khabarovsk', '501-758-9512', '38277296C');
insert into cliente (id, nombre, direccion, poblacion, telef, nif) values (383, 'Opaline', '0 Vidon Crossing', 'Cayang', '502-786-2863', '75872530A');
insert into cliente (id, nombre, direccion, poblacion, telef, nif) values (384, 'Puff', '68011 Raven Alley', 'Mangaran', '626-659-9570', '50025171O');
insert into cliente (id, nombre, direccion, poblacion, telef, nif) values (385, 'Wyndham', '7 Hooker Park', 'Takanosu', '732-302-6086', '71981354E');
insert into cliente (id, nombre, direccion, poblacion, telef, nif) values (386, 'Carlo', '1603 7th Terrace', 'Beaufort West', '675-779-1111', '12557241O');
insert into cliente (id, nombre, direccion, poblacion, telef, nif) values (387, 'Aeriela', '058 Mifflin Alley', 'Hengyang', '932-114-3705', '29225405O');
insert into cliente (id, nombre, direccion, poblacion, telef, nif) values (388, 'Mathe', '64 Summer Ridge Pass', 'Baihe', '898-537-3261', '39144629A');
insert into cliente (id, nombre, direccion, poblacion, telef, nif) values (389, 'Lavina', '64 3rd Alley', 'Aqsū', '331-984-0423', '03625096I');
insert into cliente (id, nombre, direccion, poblacion, telef, nif) values (390, 'Casar', '9 4th Drive', 'Zhongping', '419-803-1585', '75878984E');
insert into cliente (id, nombre, direccion, poblacion, telef, nif) values (391, 'Glenna', '89836 Towne Avenue', 'Savonlinna', '969-716-1858', '12547058O');
insert into cliente (id, nombre, direccion, poblacion, telef, nif) values (392, 'Colin', '1 Summit Road', 'Besole', '964-826-9382', '29709014B');
insert into cliente (id, nombre, direccion, poblacion, telef, nif) values (393, 'Carolann', '99 3rd Hill', 'Sanjie', '770-653-1820', '86073244X');
insert into cliente (id, nombre, direccion, poblacion, telef, nif) values (394, 'Brandi', '6 Florence Point', 'Igreja', '368-680-5818', '50775763E');
insert into cliente (id, nombre, direccion, poblacion, telef, nif) values (395, 'Franny', '9 Sutteridge Way', 'Orzesze', '755-824-7467', '56012115N');
insert into cliente (id, nombre, direccion, poblacion, telef, nif) values (396, 'Cornelia', '6 Brentwood Junction', 'Delingha', '592-730-2991', '85395807D');
insert into cliente (id, nombre, direccion, poblacion, telef, nif) values (397, 'Amalle', '72 Claremont Place', 'Kittilä', '983-851-6293', '02405027L');
insert into cliente (id, nombre, direccion, poblacion, telef, nif) values (398, 'Giovanna', '85 Springs Alley', 'Mullovka', '179-532-5515', '22343847Y');
insert into cliente (id, nombre, direccion, poblacion, telef, nif) values (399, 'Valenka', '90 Arapahoe Place', 'Natal', '190-205-2921', '98741668A');
insert into cliente (id, nombre, direccion, poblacion, telef, nif) values (400, 'Dyanna', '1 Oxford Point', 'Sosnytsya', '496-919-4423', '81186500O');
insert into cliente (id, nombre, direccion, poblacion, telef, nif) values (401, 'Shane', '0 Grim Crossing', 'Graksop', '776-586-0938', '14532190P');
insert into cliente (id, nombre, direccion, poblacion, telef, nif) values (402, 'Adler', '45668 Bunker Hill Way', 'Shanyang', '261-129-0674', '06488260U');
insert into cliente (id, nombre, direccion, poblacion, telef, nif) values (403, 'Wilek', '975 Mayfield Place', 'Cherven Bryag', '169-435-9623', '36720314H');
insert into cliente (id, nombre, direccion, poblacion, telef, nif) values (404, 'Marillin', '6 Schiller Plaza', 'Shizong', '462-626-7197', '84922279C');
insert into cliente (id, nombre, direccion, poblacion, telef, nif) values (405, 'Layla', '301 Forest Run Court', 'Vänersborg', '756-746-9488', '45068411N');
insert into cliente (id, nombre, direccion, poblacion, telef, nif) values (406, 'Kory', '34571 Lillian Hill', 'Quimper', '846-553-1682', '33320652K');
insert into cliente (id, nombre, direccion, poblacion, telef, nif) values (407, 'Huberto', '64295 Loomis Crossing', 'Stockholm', '391-557-1798', '11462748G');
insert into cliente (id, nombre, direccion, poblacion, telef, nif) values (408, 'Angelita', '2 Monument Trail', 'Panjiang', '819-499-7677', '25580517T');
insert into cliente (id, nombre, direccion, poblacion, telef, nif) values (409, 'Buck', '5 Novick Avenue', 'Raszczyce', '351-412-4445', '95266094Q');
insert into cliente (id, nombre, direccion, poblacion, telef, nif) values (410, 'Freeland', '616 Derek Point', 'Hengqu', '569-766-7580', '50587723I');
insert into cliente (id, nombre, direccion, poblacion, telef, nif) values (411, 'Marmaduke', '27 Buena Vista Way', 'Pisaras', '385-723-0850', '88171074N');
insert into cliente (id, nombre, direccion, poblacion, telef, nif) values (412, 'Wayne', '075 Shasta Place', 'Shilong', '312-587-8009', '50936051N');
insert into cliente (id, nombre, direccion, poblacion, telef, nif) values (413, 'Avie', '80755 Menomonie Park', 'Khirbat Tīn Nūr', '429-473-0330', '94236999E');
insert into cliente (id, nombre, direccion, poblacion, telef, nif) values (414, 'Silvana', '609 Lotheville Place', 'Fengjia', '249-508-5154', '05203533K');
insert into cliente (id, nombre, direccion, poblacion, telef, nif) values (415, 'Allan', '0 Browning Alley', 'Fengshuling', '822-805-9198', '71361154M');
insert into cliente (id, nombre, direccion, poblacion, telef, nif) values (416, 'Druci', '0277 Southridge Crossing', 'Verkhniye Achaluki', '773-172-3066', '73408086D');
insert into cliente (id, nombre, direccion, poblacion, telef, nif) values (417, 'Garek', '70394 Holmberg Center', 'Badian', '739-654-2937', '79852306Z');
insert into cliente (id, nombre, direccion, poblacion, telef, nif) values (418, 'Valentia', '8894 Marquette Place', 'Leuwibuleud', '251-889-0697', '81998864Y');
insert into cliente (id, nombre, direccion, poblacion, telef, nif) values (419, 'Andrus', '6586 Swallow Street', 'Jimaguayú', '280-736-9797', '76098548I');
insert into cliente (id, nombre, direccion, poblacion, telef, nif) values (420, 'Zorana', '98 Rutledge Plaza', 'Kendung Timur', '808-789-9046', '34176745Q');
insert into cliente (id, nombre, direccion, poblacion, telef, nif) values (421, 'Nickolai', '14068 Sunfield Court', 'Shuangxiqiao', '359-299-0245', '03398453K');
insert into cliente (id, nombre, direccion, poblacion, telef, nif) values (422, 'Beth', '26 Butternut Avenue', 'Stockholm', '958-429-0961', '21239270K');
insert into cliente (id, nombre, direccion, poblacion, telef, nif) values (423, 'Cora', '889 Coolidge Court', 'Thị Trấn Than Uyên', '890-247-0839', '91089750F');
insert into cliente (id, nombre, direccion, poblacion, telef, nif) values (424, 'Else', '6 Brentwood Hill', 'Shāhīn Dezh', '971-322-4202', '47440350W');
insert into cliente (id, nombre, direccion, poblacion, telef, nif) values (425, 'Mareah', '1 Mallory Drive', 'Kamyanyets', '428-555-6919', '19810574T');
insert into cliente (id, nombre, direccion, poblacion, telef, nif) values (426, 'Kathryne', '26968 Mendota Park', 'Rumat Heib', '914-865-1519', '00130924V');
insert into cliente (id, nombre, direccion, poblacion, telef, nif) values (427, 'Cal', '6 Dwight Court', 'Runsonglaozhai', '941-866-7617', '73315499Q');
insert into cliente (id, nombre, direccion, poblacion, telef, nif) values (428, 'Jemima', '9725 Tomscot Crossing', 'Kepoh', '507-673-6829', '12474279J');
insert into cliente (id, nombre, direccion, poblacion, telef, nif) values (429, 'Frankie', '4 Carey Point', 'Cartagena', '255-180-8827', '10706977S');
insert into cliente (id, nombre, direccion, poblacion, telef, nif) values (430, 'Greggory', '940 Colorado Way', 'Pont-Audemer', '769-183-0889', '92248218B');
insert into cliente (id, nombre, direccion, poblacion, telef, nif) values (431, 'Aristotle', '991 Eggendart Alley', 'Satis', '606-366-3945', '24430203Z');
insert into cliente (id, nombre, direccion, poblacion, telef, nif) values (432, 'Deloris', '9439 Rigney Hill', 'Neni', '115-356-9723', '07727019X');
insert into cliente (id, nombre, direccion, poblacion, telef, nif) values (433, 'Vittorio', '2471 Derek Street', 'Santa Luzia', '272-128-4620', '70997954M');
insert into cliente (id, nombre, direccion, poblacion, telef, nif) values (434, 'Alisha', '990 Onsgard Terrace', 'Gadang', '260-333-2136', '98279893Y');
insert into cliente (id, nombre, direccion, poblacion, telef, nif) values (435, 'Kalindi', '42678 Acker Park', 'Nuevo Berlín', '767-863-2308', '43635429L');
insert into cliente (id, nombre, direccion, poblacion, telef, nif) values (436, 'Aldus', '2093 Fremont Lane', 'Jianqiao', '593-404-8797', '13648877C');
insert into cliente (id, nombre, direccion, poblacion, telef, nif) values (437, 'Allistir', '282 Quincy Street', 'Nueva Gerona', '685-627-2521', '31663422F');
insert into cliente (id, nombre, direccion, poblacion, telef, nif) values (438, 'Gunner', '34487 Kedzie Alley', 'Sogod', '846-539-4965', '81803468F');
insert into cliente (id, nombre, direccion, poblacion, telef, nif) values (439, 'King', '52 Northridge Park', 'Gominhães', '678-574-2596', '16087791V');
insert into cliente (id, nombre, direccion, poblacion, telef, nif) values (440, 'Saxe', '44 Kropf Center', 'Shchastya', '705-917-6152', '93856141B');
insert into cliente (id, nombre, direccion, poblacion, telef, nif) values (441, 'Brigham', '816 Spaight Drive', 'San Cristóbal', '681-734-7073', '35114239E');
insert into cliente (id, nombre, direccion, poblacion, telef, nif) values (442, 'Andy', '954 Fordem Center', 'Czarna', '837-729-4803', '98972984G');
insert into cliente (id, nombre, direccion, poblacion, telef, nif) values (443, 'Burton', '29 Monterey Junction', 'Rinang', '475-253-0202', '09572970I');
insert into cliente (id, nombre, direccion, poblacion, telef, nif) values (444, 'Brocky', '2 Golden Leaf Drive', 'Odintsovo', '788-533-5900', '07618277E');
insert into cliente (id, nombre, direccion, poblacion, telef, nif) values (445, 'Nike', '07196 Gale Lane', 'Viļaka', '972-637-5590', '48202287I');
insert into cliente (id, nombre, direccion, poblacion, telef, nif) values (446, 'Nydia', '53 Oxford Point', 'Lethbridge', '922-842-7617', '99357738U');
insert into cliente (id, nombre, direccion, poblacion, telef, nif) values (447, 'West', '800 Tomscot Point', 'Orda', '956-874-8123', '91441517Q');
insert into cliente (id, nombre, direccion, poblacion, telef, nif) values (448, 'Dwain', '43 Derek Avenue', 'Gurgurnica', '917-900-7464', '58143621O');
insert into cliente (id, nombre, direccion, poblacion, telef, nif) values (449, 'Wilone', '33 Donald Pass', 'Cochabamba', '707-652-2655', '53832862D');
insert into cliente (id, nombre, direccion, poblacion, telef, nif) values (450, 'Ricardo', '51102 Chive Parkway', 'San Francisco', '586-299-5448', '02772671Q');
insert into cliente (id, nombre, direccion, poblacion, telef, nif) values (451, 'Ludovico', '0639 3rd Avenue', 'Lauro de Freitas', '920-995-7047', '47596785P');
insert into cliente (id, nombre, direccion, poblacion, telef, nif) values (452, 'Binny', '6080 Saint Paul Way', 'Aş Şalw', '220-419-0368', '26722813V');
insert into cliente (id, nombre, direccion, poblacion, telef, nif) values (453, 'Guinna', '6 Stone Corner Avenue', 'Båstad', '715-290-1012', '87088593F');
insert into cliente (id, nombre, direccion, poblacion, telef, nif) values (454, 'Vyky', '6274 Coleman Lane', 'Santa Lucia', '243-903-2088', '47339522N');
insert into cliente (id, nombre, direccion, poblacion, telef, nif) values (455, 'Allie', '51 Rowland Trail', 'Campraksanta', '994-210-4344', '21387915A');
insert into cliente (id, nombre, direccion, poblacion, telef, nif) values (456, 'Derrick', '03 Carioca Center', 'Muranovo', '977-752-3040', '67647156Z');
insert into cliente (id, nombre, direccion, poblacion, telef, nif) values (457, 'Desmond', '92987 Westport Lane', 'Fenggang', '264-803-9117', '11871088U');
insert into cliente (id, nombre, direccion, poblacion, telef, nif) values (458, 'Wit', '5502 Sullivan Way', 'Florida', '902-279-7581', '67835584E');
insert into cliente (id, nombre, direccion, poblacion, telef, nif) values (459, 'Linda', '189 Carpenter Road', 'Babirik', '384-201-3060', '03163462C');
insert into cliente (id, nombre, direccion, poblacion, telef, nif) values (460, 'Theadora', '9 Larry Terrace', 'Rutana', '435-789-7449', '42612673M');
insert into cliente (id, nombre, direccion, poblacion, telef, nif) values (461, 'Rafaellle', '652 Graceland Trail', 'Montréal-Ouest', '206-432-7460', '78361448H');
insert into cliente (id, nombre, direccion, poblacion, telef, nif) values (462, 'Robinette', '6 Fairfield Center', 'Masoyila', '510-811-5448', '29724162G');
insert into cliente (id, nombre, direccion, poblacion, telef, nif) values (463, 'Ilysa', '54199 Calypso Street', 'Zhangping', '519-416-7067', '90075241C');
insert into cliente (id, nombre, direccion, poblacion, telef, nif) values (464, 'Florina', '1223 Dovetail Junction', 'Kuantan', '829-365-1532', '35721521C');
insert into cliente (id, nombre, direccion, poblacion, telef, nif) values (465, 'Stevy', '96803 Clemons Pass', 'Jiading', '253-966-0963', '57572954G');
insert into cliente (id, nombre, direccion, poblacion, telef, nif) values (466, 'Libbi', '0 Dakota Road', 'Liandu', '689-374-2022', '73896316C');
insert into cliente (id, nombre, direccion, poblacion, telef, nif) values (467, 'Fransisco', '2 Karstens Way', 'Gaoqiao', '569-283-6232', '78185695U');
insert into cliente (id, nombre, direccion, poblacion, telef, nif) values (468, 'Eleanore', '1572 Rutledge Terrace', 'Cambas', '432-988-2049', '08774978F');
insert into cliente (id, nombre, direccion, poblacion, telef, nif) values (469, 'Ian', '00 Bartillon Way', 'Sindou', '551-108-6585', '71564906P');
insert into cliente (id, nombre, direccion, poblacion, telef, nif) values (470, 'Gerta', '31519 Corben Street', 'Huangbao', '362-231-0964', '14953518G');
insert into cliente (id, nombre, direccion, poblacion, telef, nif) values (471, 'Agna', '11570 Derek Circle', 'Jinanten', '888-873-4333', '80275854U');
insert into cliente (id, nombre, direccion, poblacion, telef, nif) values (472, 'Angelita', '1 Hansons Way', 'Sinisian', '242-602-7415', '02615274Q');
insert into cliente (id, nombre, direccion, poblacion, telef, nif) values (473, 'Cynthia', '0 Express Park', 'Zhaoxian', '161-529-9603', '76461523I');
insert into cliente (id, nombre, direccion, poblacion, telef, nif) values (474, 'Dale', '635 Dryden Crossing', 'Shangdu', '839-910-9040', '06594729E');
insert into cliente (id, nombre, direccion, poblacion, telef, nif) values (475, 'Caresse', '625 Lakewood Hill', '‘Izbat al Burj', '508-191-0186', '12914331G');
insert into cliente (id, nombre, direccion, poblacion, telef, nif) values (476, 'Stesha', '79 Karstens Plaza', 'Fontenay-sous-Bois', '427-874-2581', '93317294H');
insert into cliente (id, nombre, direccion, poblacion, telef, nif) values (477, 'Jessamyn', '56280 Kropf Hill', 'Thị Trấn Tam Sơn', '852-861-8005', '76490932H');
insert into cliente (id, nombre, direccion, poblacion, telef, nif) values (478, 'Maryellen', '3340 David Junction', 'Yelat’ma', '658-753-5649', '43100739E');
insert into cliente (id, nombre, direccion, poblacion, telef, nif) values (479, 'Jarad', '5 Messerschmidt Hill', 'Vischongo', '654-189-4040', '26085471B');
insert into cliente (id, nombre, direccion, poblacion, telef, nif) values (480, 'Deb', '1 Talmadge Way', 'Centro Habana', '622-576-9980', '14387889V');
insert into cliente (id, nombre, direccion, poblacion, telef, nif) values (481, 'Sollie', '86 Corben Lane', 'Faisalābād', '543-963-5842', '89714595L');
insert into cliente (id, nombre, direccion, poblacion, telef, nif) values (482, 'Marty', '850 Dahle Alley', 'Yixingfu', '907-816-0759', '99401015K');
insert into cliente (id, nombre, direccion, poblacion, telef, nif) values (483, 'Scarlett', '396 Lotheville Lane', 'Ostrów Mazowiecka', '156-758-6101', '51670715J');
insert into cliente (id, nombre, direccion, poblacion, telef, nif) values (484, 'Cheslie', '3 Springview Avenue', 'Cluses', '751-354-1734', '96900389V');
insert into cliente (id, nombre, direccion, poblacion, telef, nif) values (485, 'Angelo', '0 Transport Drive', 'Tamisan', '906-198-3662', '43279309W');
insert into cliente (id, nombre, direccion, poblacion, telef, nif) values (486, 'Davy', '878 Hanover Lane', 'Domaradz', '168-994-8843', '51647884G');
insert into cliente (id, nombre, direccion, poblacion, telef, nif) values (487, 'Curtice', '1 Mallard Lane', 'Ljusdal', '979-465-3212', '17136731U');
insert into cliente (id, nombre, direccion, poblacion, telef, nif) values (488, 'Moritz', '40667 Sunfield Lane', 'Pingpu', '735-391-2462', '76726359M');
insert into cliente (id, nombre, direccion, poblacion, telef, nif) values (489, 'Alfred', '2 Ruskin Lane', 'Dob', '174-906-0309', '89608677K');
insert into cliente (id, nombre, direccion, poblacion, telef, nif) values (490, 'Terrill', '7 Crescent Oaks Park', 'Wonorejo Dua', '150-240-1016', '81037668X');
insert into cliente (id, nombre, direccion, poblacion, telef, nif) values (491, 'Alisa', '2414 Quincy Hill', 'Glan', '659-488-2461', '08915796D');
insert into cliente (id, nombre, direccion, poblacion, telef, nif) values (492, 'Torrance', '5 Bowman Court', 'Ponta Grossa', '828-151-0804', '66779183F');
insert into cliente (id, nombre, direccion, poblacion, telef, nif) values (493, 'Suzette', '26 Maryland Drive', 'Chambéry', '635-162-9442', '84961254Y');
insert into cliente (id, nombre, direccion, poblacion, telef, nif) values (494, 'Jeannette', '77857 Delaware Road', 'El Perico', '917-431-2137', '73030971N');
insert into cliente (id, nombre, direccion, poblacion, telef, nif) values (495, 'Marillin', '517 School Alley', 'Zhangshi', '314-916-1758', '05172919I');
insert into cliente (id, nombre, direccion, poblacion, telef, nif) values (496, 'Hedvige', '38 Montana Court', 'Hudson Bay', '178-346-1338', '06641742J');
insert into cliente (id, nombre, direccion, poblacion, telef, nif) values (497, 'Muire', '6882 Raven Park', 'Pāshmūl', '743-944-3619', '13890776A');
insert into cliente (id, nombre, direccion, poblacion, telef, nif) values (498, 'Ilse', '71526 Shelley Trail', 'Ocumare del Tuy', '122-719-8262', '55723222O');
insert into cliente (id, nombre, direccion, poblacion, telef, nif) values (499, 'Terencio', '12642 Duke Pass', 'Shōbara', '291-847-2334', '28748082P');
insert into cliente (id, nombre, direccion, poblacion, telef, nif) values (500, 'Frannie', '1 Hintze Center', 'Ar Rubū‘', '660-142-2347', '66536125G');
insert into cliente (id, nombre, direccion, poblacion, telef, nif) values (501, 'Roderigo', '8530 Bartillon Hill', 'Concepcion', '871-744-3279', '28772066D');
insert into cliente (id, nombre, direccion, poblacion, telef, nif) values (502, 'Evita', '4845 Bartillon Drive', 'Xinbei', '473-933-9633', '25310585J');
insert into cliente (id, nombre, direccion, poblacion, telef, nif) values (503, 'Dwain', '75 Clove Lane', 'Vazante', '798-968-4144', '14335017W');
insert into cliente (id, nombre, direccion, poblacion, telef, nif) values (504, 'Beauregard', '73 Burrows Parkway', 'Gudurica', '464-833-1891', '21110660E');
insert into cliente (id, nombre, direccion, poblacion, telef, nif) values (505, 'Raviv', '5403 Dixon Pass', 'Baturaden', '115-513-8334', '23297036U');
insert into cliente (id, nombre, direccion, poblacion, telef, nif) values (506, 'Becky', '9 Darwin Crossing', 'Decatur', '404-206-2859', '78222921M');
insert into cliente (id, nombre, direccion, poblacion, telef, nif) values (507, 'Corrine', '76269 Clyde Gallagher Court', 'Manokwari', '910-755-9393', '30421421V');
insert into cliente (id, nombre, direccion, poblacion, telef, nif) values (508, 'Rossy', '5 Hauk Parkway', 'Mikhaylovsk', '883-579-1766', '54577116F');
insert into cliente (id, nombre, direccion, poblacion, telef, nif) values (509, 'Vita', '2 Ridgeview Pass', 'Nova Odessa', '442-815-4444', '30936928H');
insert into cliente (id, nombre, direccion, poblacion, telef, nif) values (510, 'Cora', '746 Barby Trail', 'København', '218-527-5387', '63017743Z');
insert into cliente (id, nombre, direccion, poblacion, telef, nif) values (511, 'Levy', '18 Lakeland Avenue', 'São Vicente de Ferreira', '577-272-4134', '30501438Q');
insert into cliente (id, nombre, direccion, poblacion, telef, nif) values (512, 'Adelheid', '567 Sunbrook Avenue', 'Xinghua', '323-982-4745', '23746889Q');
insert into cliente (id, nombre, direccion, poblacion, telef, nif) values (513, 'Laura', '41 Rigney Trail', 'Muara', '242-465-3744', '69055179K');
insert into cliente (id, nombre, direccion, poblacion, telef, nif) values (514, 'Lorena', '0194 Butterfield Alley', 'Ruixi', '562-117-7274', '46057575M');
insert into cliente (id, nombre, direccion, poblacion, telef, nif) values (515, 'Guthrie', '007 Hoepker Way', 'Saint-Brieuc', '810-701-3092', '39793992X');
insert into cliente (id, nombre, direccion, poblacion, telef, nif) values (516, 'Venita', '47193 Main Trail', 'Guanting', '407-555-3719', '85415730B');
insert into cliente (id, nombre, direccion, poblacion, telef, nif) values (517, 'Dorie', '194 Jana Pass', 'Břeclav', '437-986-6320', '26992414G');
insert into cliente (id, nombre, direccion, poblacion, telef, nif) values (518, 'Wells', '9 Calypso Way', 'Rancabolang', '690-337-3985', '37035016E');
insert into cliente (id, nombre, direccion, poblacion, telef, nif) values (519, 'Gwyn', '94 Arizona Circle', 'Kidal', '891-563-0942', '75610061H');
insert into cliente (id, nombre, direccion, poblacion, telef, nif) values (520, 'Hagan', '963 Daystar Drive', 'Notre-Dame-des-Prairies', '514-442-6752', '71249940V');
insert into cliente (id, nombre, direccion, poblacion, telef, nif) values (521, 'Kristel', '00069 Hagan Drive', 'Solna', '507-206-7466', '59370217Q');
insert into cliente (id, nombre, direccion, poblacion, telef, nif) values (522, 'Graig', '6 Jenifer Way', 'Margorejo', '171-625-2382', '96357185A');
insert into cliente (id, nombre, direccion, poblacion, telef, nif) values (523, 'Kerr', '4 Crest Line Trail', 'Dorūd', '426-855-6812', '70122389L');
insert into cliente (id, nombre, direccion, poblacion, telef, nif) values (524, 'Merilyn', '5332 Morningstar Junction', 'Ticrapo', '583-161-8091', '76322454E');
insert into cliente (id, nombre, direccion, poblacion, telef, nif) values (525, 'Cherie', '7674 Donald Avenue', 'Lubuagan', '202-715-5771', '30625035M');
insert into cliente (id, nombre, direccion, poblacion, telef, nif) values (526, 'Reg', '2908 Warrior Place', 'Sokol’niki', '980-244-3425', '59973775V');
insert into cliente (id, nombre, direccion, poblacion, telef, nif) values (527, 'Egbert', '2 Heath Junction', 'Holma', '165-835-9633', '67524779X');
insert into cliente (id, nombre, direccion, poblacion, telef, nif) values (528, 'Sheilah', '57 Emmet Street', 'Colorado', '416-755-9338', '71169877L');
insert into cliente (id, nombre, direccion, poblacion, telef, nif) values (529, 'Waylon', '146 Novick Park', 'Chemnitz', '624-708-8064', '65744111M');
insert into cliente (id, nombre, direccion, poblacion, telef, nif) values (530, 'Brady', '0232 Holmberg Pass', 'Sanlei', '430-138-1453', '40738898D');
insert into cliente (id, nombre, direccion, poblacion, telef, nif) values (531, 'Amby', '81 Gateway Plaza', 'Baykalovo', '475-488-6977', '53695435V');
insert into cliente (id, nombre, direccion, poblacion, telef, nif) values (532, 'Bradford', '250 Lotheville Road', 'Serra da Boa Viagem', '234-549-8881', '91039290D');
insert into cliente (id, nombre, direccion, poblacion, telef, nif) values (533, 'Jarad', '6 Holmberg Hill', 'Tours', '562-820-0448', '00495513M');
insert into cliente (id, nombre, direccion, poblacion, telef, nif) values (534, 'Drugi', '97000 Grasskamp Way', 'Saint-Rémi', '515-815-5865', '59282504T');
insert into cliente (id, nombre, direccion, poblacion, telef, nif) values (535, 'Amberly', '4 Park Meadow Place', 'Manola', '297-641-1489', '07418258F');
insert into cliente (id, nombre, direccion, poblacion, telef, nif) values (536, 'Tiphany', '715 Manitowish Point', 'Adtugan', '512-433-7931', '14927344Q');
insert into cliente (id, nombre, direccion, poblacion, telef, nif) values (537, 'Verine', '31157 Dahle Way', 'Koungou', '647-210-4041', '02781606J');
insert into cliente (id, nombre, direccion, poblacion, telef, nif) values (538, 'Jill', '37931 Schiller Lane', 'Huangmao', '678-367-3838', '44898493N');
insert into cliente (id, nombre, direccion, poblacion, telef, nif) values (539, 'Becky', '076 Trailsway Avenue', 'Armavir', '682-469-5578', '44674965Y');
insert into cliente (id, nombre, direccion, poblacion, telef, nif) values (540, 'Leonore', '9 Pierstorff Junction', 'Boyarka', '531-745-6900', '10081922K');
insert into cliente (id, nombre, direccion, poblacion, telef, nif) values (541, 'Kial', '577 Walton Park', 'Manggis', '954-914-6674', '63775099W');
insert into cliente (id, nombre, direccion, poblacion, telef, nif) values (542, 'Kalila', '4 Larry Lane', 'La Cumbre', '334-230-4985', '53614612E');
insert into cliente (id, nombre, direccion, poblacion, telef, nif) values (543, 'Antonino', '18337 Onsgard Way', 'Alapayevsk', '969-594-6084', '01641829Z');
insert into cliente (id, nombre, direccion, poblacion, telef, nif) values (544, 'Nessie', '1 Northland Junction', 'Krasnokumskoye', '586-342-9848', '95082303X');
insert into cliente (id, nombre, direccion, poblacion, telef, nif) values (545, 'Nicolette', '0 Bashford Park', 'Ţūbās', '327-840-4094', '46183920R');
insert into cliente (id, nombre, direccion, poblacion, telef, nif) values (546, 'Helaine', '20740 Dennis Pass', 'Thị Trấn Nước Hai', '934-591-0020', '40152823U');
insert into cliente (id, nombre, direccion, poblacion, telef, nif) values (547, 'Emma', '6 Thompson Crossing', 'Berlin', '822-262-2267', '16325098L');
insert into cliente (id, nombre, direccion, poblacion, telef, nif) values (548, 'Suzann', '411 Moose Road', 'Gryazovets', '936-848-4973', '07622556K');
insert into cliente (id, nombre, direccion, poblacion, telef, nif) values (549, 'Mercedes', '122 Hooker Trail', 'Protaras', '589-321-1541', '82287709O');
insert into cliente (id, nombre, direccion, poblacion, telef, nif) values (550, 'Joleen', '34 Hauk Road', 'Sydney', '376-872-5202', '90866875R');
insert into cliente (id, nombre, direccion, poblacion, telef, nif) values (551, 'Mohandis', '76798 Talmadge Junction', 'Umbultanjung', '797-822-0857', '74519104R');
insert into cliente (id, nombre, direccion, poblacion, telef, nif) values (552, 'Boniface', '73369 Muir Avenue', 'Linshanhe', '488-109-4237', '93775373A');
insert into cliente (id, nombre, direccion, poblacion, telef, nif) values (553, 'Gilberta', '0 Ridge Oak Avenue', 'São Miguel do Iguaçu', '630-541-1822', '86540577P');
insert into cliente (id, nombre, direccion, poblacion, telef, nif) values (554, 'Samara', '9 Arapahoe Drive', 'Blackfalds', '927-816-7022', '76048942O');
insert into cliente (id, nombre, direccion, poblacion, telef, nif) values (555, 'Baron', '93848 Elka Point', 'Trångsund', '511-271-9723', '71277795N');
insert into cliente (id, nombre, direccion, poblacion, telef, nif) values (556, 'Shina', '83174 Spaight Circle', 'Sallanches', '948-749-7026', '76335115T');
insert into cliente (id, nombre, direccion, poblacion, telef, nif) values (557, 'Mitzi', '83979 Barnett Road', 'Banikoara', '675-892-5025', '28289345C');
insert into cliente (id, nombre, direccion, poblacion, telef, nif) values (558, 'Stanislas', '68899 Myrtle Terrace', 'Zeguo', '369-515-0456', '64178769H');
insert into cliente (id, nombre, direccion, poblacion, telef, nif) values (559, 'Burch', '08357 Morning Court', 'Beloyarskiy', '927-371-4767', '58638879P');
insert into cliente (id, nombre, direccion, poblacion, telef, nif) values (560, 'Karl', '81179 Twin Pines Pass', 'Daruoyan', '467-516-0597', '65798014S');
insert into cliente (id, nombre, direccion, poblacion, telef, nif) values (561, 'Fredi', '188 Lunder Circle', 'Pieniężno', '899-881-5178', '77628749O');
insert into cliente (id, nombre, direccion, poblacion, telef, nif) values (562, 'Lelia', '114 Golden Leaf Park', 'Cipari', '439-301-9302', '29611859O');
insert into cliente (id, nombre, direccion, poblacion, telef, nif) values (563, 'Gordon', '848 Almo Way', 'Miasskoye', '906-166-3818', '63632235I');
insert into cliente (id, nombre, direccion, poblacion, telef, nif) values (564, 'Kippy', '2830 Huxley Center', 'Khōst', '867-516-6271', '60633238Q');
insert into cliente (id, nombre, direccion, poblacion, telef, nif) values (565, 'Wilma', '3 Linden Circle', 'Daigo', '357-829-4485', '97355477Y');
insert into cliente (id, nombre, direccion, poblacion, telef, nif) values (566, 'Mycah', '49 Mayfield Point', 'Saldanha', '705-612-8190', '95125625A');
insert into cliente (id, nombre, direccion, poblacion, telef, nif) values (567, 'Gilberte', '7120 Magdeline Pass', 'Pemzashen', '216-770-6677', '72166080U');
insert into cliente (id, nombre, direccion, poblacion, telef, nif) values (568, 'Isadore', '0 Summit Pass', 'McKinley', '853-937-5083', '31651849H');
insert into cliente (id, nombre, direccion, poblacion, telef, nif) values (569, 'Rafa', '98 Kings Trail', 'Sari', '806-370-5250', '98793452W');
insert into cliente (id, nombre, direccion, poblacion, telef, nif) values (570, 'Bobbi', '2047 Petterle Parkway', 'Tsuen Wan', '842-964-0462', '77909376N');
insert into cliente (id, nombre, direccion, poblacion, telef, nif) values (571, 'Lodovico', '8 Milwaukee Drive', 'Gobernador Gálvez', '183-539-5867', '03458753J');
insert into cliente (id, nombre, direccion, poblacion, telef, nif) values (572, 'Sianna', '9804 Thompson Trail', 'Wisła', '623-284-4306', '17943377X');
insert into cliente (id, nombre, direccion, poblacion, telef, nif) values (573, 'Garwood', '78041 Prairie Rose Center', 'Van Nuys', '213-695-6594', '62524121T');
insert into cliente (id, nombre, direccion, poblacion, telef, nif) values (574, 'Christian', '14 Longview Place', 'Dunleer', '540-984-4772', '23613227Z');
insert into cliente (id, nombre, direccion, poblacion, telef, nif) values (575, 'Bale', '025 Bunting Parkway', 'Crumlin', '908-577-5037', '40012736J');
insert into cliente (id, nombre, direccion, poblacion, telef, nif) values (576, 'Kerianne', '28655 Dapin Park', 'Ḩukūmat-e Shīnkaī', '373-569-9495', '54589927F');
insert into cliente (id, nombre, direccion, poblacion, telef, nif) values (577, 'Warden', '8 Burrows Center', 'Ilhabela', '636-497-7049', '52258663X');
insert into cliente (id, nombre, direccion, poblacion, telef, nif) values (578, 'Michaeline', '8 Loftsgordon Center', 'Thị Trấn Mường Tè', '348-669-1134', '03983458D');
insert into cliente (id, nombre, direccion, poblacion, telef, nif) values (579, 'Marty', '3651 Reinke Way', 'Wilcza', '817-560-3498', '23167429I');
insert into cliente (id, nombre, direccion, poblacion, telef, nif) values (580, 'Rori', '491 Knutson Street', 'Ixopo', '843-877-8341', '96541068G');
insert into cliente (id, nombre, direccion, poblacion, telef, nif) values (581, 'Prudy', '5341 Jenna Pass', 'Palhoça', '146-448-1488', '12358308V');
insert into cliente (id, nombre, direccion, poblacion, telef, nif) values (582, 'Gray', '48599 Killdeer Parkway', 'Shah Alam', '337-547-0274', '00943208G');
insert into cliente (id, nombre, direccion, poblacion, telef, nif) values (583, 'Honey', '99628 Shopko Court', 'Penedo', '793-631-6615', '42287855Y');
insert into cliente (id, nombre, direccion, poblacion, telef, nif) values (584, 'Archambault', '90294 Canary Circle', 'Ar Ruways', '603-927-4286', '86824744T');
insert into cliente (id, nombre, direccion, poblacion, telef, nif) values (585, 'Georgy', '82840 Dakota Park', 'Ciyun', '812-897-3137', '77744668F');
insert into cliente (id, nombre, direccion, poblacion, telef, nif) values (586, 'Dominic', '7 Oakridge Plaza', 'Ekenäs', '109-706-2048', '03174254J');
insert into cliente (id, nombre, direccion, poblacion, telef, nif) values (587, 'Claire', '965 Green Ridge Lane', 'Socorro', '499-140-4951', '72133433C');
insert into cliente (id, nombre, direccion, poblacion, telef, nif) values (588, 'Gallard', '293 Browning Road', 'Tarłów', '511-736-5661', '80198582G');
insert into cliente (id, nombre, direccion, poblacion, telef, nif) values (589, 'Codee', '88 Coleman Road', 'Kang-neung', '895-379-0531', '25472475Q');
insert into cliente (id, nombre, direccion, poblacion, telef, nif) values (590, 'Willyt', '3 Westridge Court', 'Gifu-shi', '525-947-8689', '81080676A');
insert into cliente (id, nombre, direccion, poblacion, telef, nif) values (591, 'Hersh', '342 Elmside Hill', 'Neos Voutzás', '240-207-7919', '59683144J');
insert into cliente (id, nombre, direccion, poblacion, telef, nif) values (592, 'Christine', '85 Arkansas Terrace', 'Votkinsk', '278-239-0591', '06669720T');
insert into cliente (id, nombre, direccion, poblacion, telef, nif) values (593, 'Elysee', '764 Fair Oaks Way', 'Suzano', '494-471-4704', '85024851Z');
insert into cliente (id, nombre, direccion, poblacion, telef, nif) values (594, 'Bernadene', '61 Rutledge Park', 'Bratslav', '353-459-6360', '34257612H');
insert into cliente (id, nombre, direccion, poblacion, telef, nif) values (595, 'Kalila', '35665 Colorado Point', 'Sasykoli', '562-124-9487', '21530789H');
insert into cliente (id, nombre, direccion, poblacion, telef, nif) values (596, 'Murial', '030 Talisman Pass', 'Kuala Lumpur', '183-217-0273', '45670865E');
insert into cliente (id, nombre, direccion, poblacion, telef, nif) values (597, 'Albie', '392 Brown Way', 'Iwo', '863-524-4441', '27167644U');
insert into cliente (id, nombre, direccion, poblacion, telef, nif) values (598, 'Leelah', '41497 Barnett Road', 'Jasienica', '235-260-1131', '68692584K');
insert into cliente (id, nombre, direccion, poblacion, telef, nif) values (599, 'Stu', '032 Dwight Park', 'Hanyuan', '956-124-3652', '75752400D');
insert into cliente (id, nombre, direccion, poblacion, telef, nif) values (600, 'Brita', '4894 Jackson Plaza', 'Safara', '800-831-4691', '73728507Q');
insert into cliente (id, nombre, direccion, poblacion, telef, nif) values (601, 'Terencio', '5 Bartillon Place', 'Zeerust', '640-330-5471', '13343352F');
insert into cliente (id, nombre, direccion, poblacion, telef, nif) values (602, 'Cary', '5041 Prairie Rose Crossing', 'Poljčane', '876-236-4106', '94641834R');
insert into cliente (id, nombre, direccion, poblacion, telef, nif) values (603, 'Nedi', '471 Fairfield Parkway', 'Yeoju', '387-762-5452', '39945654Q');
insert into cliente (id, nombre, direccion, poblacion, telef, nif) values (604, 'Justin', '5 Independence Trail', 'São Martinho do Campo', '367-417-5253', '89043921M');
insert into cliente (id, nombre, direccion, poblacion, telef, nif) values (605, 'Elie', '86770 Golf Parkway', 'Manchioneal', '222-304-5551', '15630770R');
insert into cliente (id, nombre, direccion, poblacion, telef, nif) values (606, 'Chad', '85 Reinke Crossing', 'Thul', '499-379-3170', '83618971L');
insert into cliente (id, nombre, direccion, poblacion, telef, nif) values (607, 'Gertrudis', '20 Clyde Gallagher Road', 'Meudon', '322-847-7541', '20990211K');
insert into cliente (id, nombre, direccion, poblacion, telef, nif) values (608, 'Zachary', '540 Jay Place', 'Jindong', '186-257-8146', '35277179F');
insert into cliente (id, nombre, direccion, poblacion, telef, nif) values (609, 'Perren', '20059 Buell Street', 'Soledar', '234-862-0816', '10722167U');
insert into cliente (id, nombre, direccion, poblacion, telef, nif) values (610, 'Essie', '52 Sunnyside Alley', 'Wucheng', '819-654-7963', '29860770C');
insert into cliente (id, nombre, direccion, poblacion, telef, nif) values (611, 'Charlie', '22549 Larry Plaza', 'Tlogowungu', '630-614-9505', '00192745R');
insert into cliente (id, nombre, direccion, poblacion, telef, nif) values (612, 'Alva', '60038 Roth Alley', 'Hailin', '156-526-6063', '12550476U');
insert into cliente (id, nombre, direccion, poblacion, telef, nif) values (613, 'Bethany', '0666 Vernon Avenue', 'Cilimus Kulon', '805-415-7365', '25534426E');
insert into cliente (id, nombre, direccion, poblacion, telef, nif) values (614, 'Ralph', '38 Mcguire Parkway', 'Resende', '814-181-9352', '54309226Z');
insert into cliente (id, nombre, direccion, poblacion, telef, nif) values (615, 'Evy', '911 Prentice Center', 'Lincha', '531-615-5742', '12288608I');
insert into cliente (id, nombre, direccion, poblacion, telef, nif) values (616, 'Hube', '23 Lake View Center', 'Hengqiao', '262-703-1146', '82510867U');
insert into cliente (id, nombre, direccion, poblacion, telef, nif) values (617, 'Benny', '85509 Westend Trail', 'Campurrejo', '784-605-2757', '82542787U');
insert into cliente (id, nombre, direccion, poblacion, telef, nif) values (618, 'Camella', '0 Texas Trail', 'Tucumã', '697-802-1545', '40991857U');
insert into cliente (id, nombre, direccion, poblacion, telef, nif) values (619, 'Latashia', '16 Evergreen Terrace', 'Jomsom', '120-546-6635', '98599923U');
insert into cliente (id, nombre, direccion, poblacion, telef, nif) values (620, 'Arlene', '36 Hazelcrest Point', 'Wageningen', '999-413-4092', '26595531L');
insert into cliente (id, nombre, direccion, poblacion, telef, nif) values (621, 'Roana', '959 Ryan Park', 'San Carlos', '858-779-8983', '89208832B');
insert into cliente (id, nombre, direccion, poblacion, telef, nif) values (622, 'Aksel', '50 Mockingbird Crossing', 'Pinheiro', '390-291-3318', '87941804P');
insert into cliente (id, nombre, direccion, poblacion, telef, nif) values (623, 'Land', '07 Northfield Plaza', 'Kukur', '851-801-3229', '53604324X');
insert into cliente (id, nombre, direccion, poblacion, telef, nif) values (624, 'Jermaine', '27031 Rusk Plaza', 'Niños Heroes', '880-845-4984', '61644704E');
insert into cliente (id, nombre, direccion, poblacion, telef, nif) values (625, 'Stanislaus', '8 Almo Plaza', 'Corroios', '528-770-1326', '15572381H');
insert into cliente (id, nombre, direccion, poblacion, telef, nif) values (626, 'Gray', '3 Eagle Crest Court', 'Béboto', '367-839-9348', '40129338H');
insert into cliente (id, nombre, direccion, poblacion, telef, nif) values (627, 'Nanice', '683 Union Pass', 'Dresden', '425-633-6754', '90661098W');
insert into cliente (id, nombre, direccion, poblacion, telef, nif) values (628, 'Verla', '03 Florence Way', 'Villejuif', '129-165-8119', '86480839E');
insert into cliente (id, nombre, direccion, poblacion, telef, nif) values (629, 'Auberta', '07 6th Pass', 'Zgurovka', '899-236-8131', '22786215D');
insert into cliente (id, nombre, direccion, poblacion, telef, nif) values (630, 'Patience', '303 Dovetail Parkway', 'Turbo', '429-831-9816', '21530520E');
insert into cliente (id, nombre, direccion, poblacion, telef, nif) values (631, 'Boot', '680 Elgar Point', 'La Unión', '668-932-5828', '02124234F');
insert into cliente (id, nombre, direccion, poblacion, telef, nif) values (632, 'Tomkin', '9 Crest Line Drive', 'Renfrew', '686-982-4483', '31784262B');
insert into cliente (id, nombre, direccion, poblacion, telef, nif) values (633, 'Brietta', '993 Hoepker Center', 'Chalon-sur-Saône', '772-977-7885', '56237194T');
insert into cliente (id, nombre, direccion, poblacion, telef, nif) values (634, 'Raynard', '66477 Buhler Trail', 'Puger', '617-652-7183', '10846163N');
insert into cliente (id, nombre, direccion, poblacion, telef, nif) values (635, 'Anallese', '779 Myrtle Pass', 'Berdyans’k', '771-887-0020', '17820288K');
insert into cliente (id, nombre, direccion, poblacion, telef, nif) values (636, 'Nicolina', '9 Mitchell Drive', 'Yongxing', '844-937-8364', '63123765Z');
insert into cliente (id, nombre, direccion, poblacion, telef, nif) values (637, 'Bastien', '9 Sachs Point', 'Ḩāfiz̧ Moghul', '976-122-4788', '14269251M');
insert into cliente (id, nombre, direccion, poblacion, telef, nif) values (638, 'Opal', '9 Calypso Center', 'New York City', '212-231-4096', '99013895P');
insert into cliente (id, nombre, direccion, poblacion, telef, nif) values (639, 'Carl', '22 Bunting Plaza', 'Esik', '492-503-3301', '48102402J');
insert into cliente (id, nombre, direccion, poblacion, telef, nif) values (640, 'Robinetta', '40497 Rusk Hill', 'Łęknica', '854-873-3582', '14407594K');
insert into cliente (id, nombre, direccion, poblacion, telef, nif) values (641, 'Florette', '64 Scofield Alley', 'Umeå', '602-661-8386', '61253281Y');
insert into cliente (id, nombre, direccion, poblacion, telef, nif) values (642, 'Valencia', '1751 Tomscot Court', 'Longtan', '855-895-9103', '22896357Z');
insert into cliente (id, nombre, direccion, poblacion, telef, nif) values (643, 'Alf', '9 Fieldstone Lane', 'Quiriquire', '716-749-2343', '54908616B');
insert into cliente (id, nombre, direccion, poblacion, telef, nif) values (644, 'Jaye', '43 Killdeer Center', 'Hainan', '153-679-6117', '06768644A');
insert into cliente (id, nombre, direccion, poblacion, telef, nif) values (645, 'Bernhard', '8 Kedzie Street', 'Yudaikelike', '690-824-3062', '97583239Y');
insert into cliente (id, nombre, direccion, poblacion, telef, nif) values (646, 'Shanta', '916 Bay Trail', 'Igbo-Ukwu', '809-699-8945', '33122825A');
insert into cliente (id, nombre, direccion, poblacion, telef, nif) values (647, 'Serge', '9 Bay Trail', 'Khandagayty', '291-518-7879', '40957591A');
insert into cliente (id, nombre, direccion, poblacion, telef, nif) values (648, 'Sharron', '60979 Memorial Center', 'Garagoa', '794-699-5906', '43037396E');
insert into cliente (id, nombre, direccion, poblacion, telef, nif) values (649, 'Honoria', '8 Onsgard Crossing', 'Pinggirsari', '823-651-8872', '81589271K');
insert into cliente (id, nombre, direccion, poblacion, telef, nif) values (650, 'Carlene', '5081 Anzinger Road', 'Callanca', '402-648-1240', '22289649R');
insert into cliente (id, nombre, direccion, poblacion, telef, nif) values (651, 'Perl', '690 Bluejay Place', 'Vicente Guerrero', '339-988-6633', '60290152G');
insert into cliente (id, nombre, direccion, poblacion, telef, nif) values (652, 'Olwen', '4727 Upham Pass', 'Emiliano Zapata', '783-760-4166', '72767149M');
insert into cliente (id, nombre, direccion, poblacion, telef, nif) values (653, 'Joey', '4 Cody Way', 'Medan', '567-260-2115', '13135124K');
insert into cliente (id, nombre, direccion, poblacion, telef, nif) values (654, 'Angelico', '2 Milwaukee Lane', 'Jacksonville', '904-920-2103', '31923001N');
insert into cliente (id, nombre, direccion, poblacion, telef, nif) values (655, 'Inness', '00 Pleasure Road', 'Talovyy', '241-301-4412', '80806039A');
insert into cliente (id, nombre, direccion, poblacion, telef, nif) values (656, 'Gard', '518 Carberry Road', 'Linxi', '750-971-9449', '62021457K');
insert into cliente (id, nombre, direccion, poblacion, telef, nif) values (657, 'Lee', '5432 Leroy Road', 'Tumpukrenteng', '789-756-6228', '08859523S');
insert into cliente (id, nombre, direccion, poblacion, telef, nif) values (658, 'Gregorio', '71 Michigan Plaza', 'Qiankou', '688-338-5361', '03996015W');
insert into cliente (id, nombre, direccion, poblacion, telef, nif) values (659, 'Gabriella', '2227 Southridge Place', 'Phu Kradueng', '354-123-8117', '93627256Q');
insert into cliente (id, nombre, direccion, poblacion, telef, nif) values (660, 'Cathrin', '868 Erie Park', 'Slawharad', '901-847-1225', '62845281P');
insert into cliente (id, nombre, direccion, poblacion, telef, nif) values (661, 'Chaddy', '559 Donald Way', 'Karara', '421-792-8448', '86958179N');
insert into cliente (id, nombre, direccion, poblacion, telef, nif) values (662, 'Lizabeth', '4 Lunder Park', 'La Chapelle-sur-Erdre', '606-341-1705', '47010593R');
insert into cliente (id, nombre, direccion, poblacion, telef, nif) values (663, 'Austin', '29365 Little Fleur Center', 'Cibebek', '104-793-1637', '12791915A');
insert into cliente (id, nombre, direccion, poblacion, telef, nif) values (664, 'Joyous', '4492 Southridge Avenue', 'Bagong Pagasa', '566-735-0314', '91103689E');
insert into cliente (id, nombre, direccion, poblacion, telef, nif) values (665, 'Hildy', '954 Atwood Drive', 'Jembangan', '918-265-4792', '78771168X');
insert into cliente (id, nombre, direccion, poblacion, telef, nif) values (666, 'Roxanne', '75516 Fuller Street', 'Tarlac City', '330-768-6823', '76810627H');
insert into cliente (id, nombre, direccion, poblacion, telef, nif) values (667, 'Carrie', '43 Brickson Park Park', 'San José', '826-518-2642', '80134893W');
insert into cliente (id, nombre, direccion, poblacion, telef, nif) values (668, 'Abigael', '7193 Straubel Point', 'San Pedro', '241-407-5273', '51477909C');
insert into cliente (id, nombre, direccion, poblacion, telef, nif) values (669, 'Blaire', '4 Green Ridge Avenue', 'Castelo', '437-992-4361', '22400384G');
insert into cliente (id, nombre, direccion, poblacion, telef, nif) values (670, 'Rupert', '908 Mayer Terrace', 'Pukou', '899-159-0864', '45413626E');
insert into cliente (id, nombre, direccion, poblacion, telef, nif) values (671, 'Mata', '672 Park Meadow Alley', 'Youkaichi', '161-306-9504', '42986533I');
insert into cliente (id, nombre, direccion, poblacion, telef, nif) values (672, 'Antons', '63 Fair Oaks Alley', 'Adygeysk', '357-323-9006', '33318537M');
insert into cliente (id, nombre, direccion, poblacion, telef, nif) values (673, 'Lenna', '2195 Golf Course Street', 'Canguçu', '550-580-1396', '44637147O');
insert into cliente (id, nombre, direccion, poblacion, telef, nif) values (674, 'Quinta', '81539 Mandrake Lane', 'Nantuo', '519-962-2721', '54031029J');
insert into cliente (id, nombre, direccion, poblacion, telef, nif) values (675, 'Zacharia', '6 Vidon Parkway', 'Mapalad', '120-264-3231', '23652389J');
insert into cliente (id, nombre, direccion, poblacion, telef, nif) values (676, 'Candy', '8 Ridgeview Trail', 'Yuhang', '149-654-7755', '58916131R');
insert into cliente (id, nombre, direccion, poblacion, telef, nif) values (677, 'Vivyanne', '818 Killdeer Court', 'Le Mans', '351-783-3691', '62468921Z');
insert into cliente (id, nombre, direccion, poblacion, telef, nif) values (678, 'Alisha', '3450 Messerschmidt Street', '''s-Hertogenbosch', '153-637-4506', '38215671T');
insert into cliente (id, nombre, direccion, poblacion, telef, nif) values (679, 'Domingo', '1811 Hazelcrest Junction', 'Badung', '285-349-6027', '13527916A');
insert into cliente (id, nombre, direccion, poblacion, telef, nif) values (680, 'Guthrie', '47 Blackbird Drive', 'Sabnova', '625-820-0020', '73071098G');
insert into cliente (id, nombre, direccion, poblacion, telef, nif) values (681, 'Raimundo', '55985 Dexter Road', 'Velille', '102-967-6415', '85214149C');
insert into cliente (id, nombre, direccion, poblacion, telef, nif) values (682, 'Christiana', '31052 Scott Drive', 'Alvaiázere', '290-641-4960', '61652056A');
insert into cliente (id, nombre, direccion, poblacion, telef, nif) values (683, 'Ellissa', '17 Hermina Center', 'Xintai', '329-175-4793', '97717049Y');
insert into cliente (id, nombre, direccion, poblacion, telef, nif) values (684, 'Minna', '96630 Dorton Road', 'Changqi', '202-391-6479', '86320662V');
insert into cliente (id, nombre, direccion, poblacion, telef, nif) values (685, 'Tammie', '7 Gateway Junction', 'Cikuning', '190-163-7350', '25349804U');
insert into cliente (id, nombre, direccion, poblacion, telef, nif) values (686, 'Melitta', '8 Maywood Crossing', 'Setro', '449-749-0342', '59406879Q');
insert into cliente (id, nombre, direccion, poblacion, telef, nif) values (687, 'Evangeline', '1 Bluestem Parkway', 'Shitang', '522-797-2246', '59530823B');
insert into cliente (id, nombre, direccion, poblacion, telef, nif) values (688, 'Gray', '92 Morning Trail', 'Cibinong', '250-249-5232', '17343153L');
insert into cliente (id, nombre, direccion, poblacion, telef, nif) values (689, 'Matt', '6124 Center Center', 'Bāgh-e Maīdān', '133-306-4895', '45454584V');
insert into cliente (id, nombre, direccion, poblacion, telef, nif) values (690, 'Kain', '457 Hooker Way', 'Ganquan', '650-330-4726', '84707670E');
insert into cliente (id, nombre, direccion, poblacion, telef, nif) values (691, 'Waldemar', '45682 1st Place', 'Cipaku', '547-981-3276', '13602404U');
insert into cliente (id, nombre, direccion, poblacion, telef, nif) values (692, 'Wilton', '413 Eagan Road', 'Limoges', '361-784-6538', '65436527A');
insert into cliente (id, nombre, direccion, poblacion, telef, nif) values (693, 'Millie', '1312 Russell Trail', 'Minneapolis', '612-227-8456', '83484100F');
insert into cliente (id, nombre, direccion, poblacion, telef, nif) values (694, 'Pietro', '0511 Pine View Point', 'Dazhou', '820-493-4188', '37767746C');
insert into cliente (id, nombre, direccion, poblacion, telef, nif) values (695, 'Ty', '34729 Dovetail Street', 'Comalapa', '893-373-2721', '65913572S');
insert into cliente (id, nombre, direccion, poblacion, telef, nif) values (696, 'Melinde', '33 Milwaukee Alley', 'Mungo', '105-666-6098', '49173150V');
insert into cliente (id, nombre, direccion, poblacion, telef, nif) values (697, 'Dewey', '71242 Mandrake Court', 'Eṭ Ṭaiyiba', '707-835-5135', '43816890B');
insert into cliente (id, nombre, direccion, poblacion, telef, nif) values (698, 'Cully', '3 Center Circle', 'Lao Suea Kok', '685-386-0297', '86539513M');
insert into cliente (id, nombre, direccion, poblacion, telef, nif) values (699, 'Roger', '62 Ryan Court', 'Rathnew', '176-277-7367', '38900828C');
insert into cliente (id, nombre, direccion, poblacion, telef, nif) values (700, 'Andrea', '30296 Montana Court', 'Nagbalaye', '841-739-3883', '27536324H');
insert into cliente (id, nombre, direccion, poblacion, telef, nif) values (701, 'Waylen', '58 Continental Center', 'Bongued', '767-224-7745', '74495439G');
insert into cliente (id, nombre, direccion, poblacion, telef, nif) values (702, 'Jennine', '25231 Everett Parkway', 'Al Qārah', '620-710-7416', '77320590T');
insert into cliente (id, nombre, direccion, poblacion, telef, nif) values (703, 'Licha', '5 Gina Circle', 'Cuozheqiangma', '593-764-9434', '45325024B');
insert into cliente (id, nombre, direccion, poblacion, telef, nif) values (704, 'Brook', '05301 Larry Park', 'Strömstad', '716-505-1497', '95468436Y');
insert into cliente (id, nombre, direccion, poblacion, telef, nif) values (705, 'Drucy', '76 Kropf Terrace', 'Xiguantun Muguzu Manzuxiang', '722-453-8334', '98208957N');
insert into cliente (id, nombre, direccion, poblacion, telef, nif) values (706, 'Diena', '75 Barnett Road', 'Las Heras', '507-563-1140', '32974328I');
insert into cliente (id, nombre, direccion, poblacion, telef, nif) values (707, 'Stanfield', '284 Ridge Oak Street', 'Jeberos', '961-742-9147', '77285240E');
insert into cliente (id, nombre, direccion, poblacion, telef, nif) values (708, 'Paco', '0 2nd Crossing', 'Marseille', '869-976-9284', '28588812D');
insert into cliente (id, nombre, direccion, poblacion, telef, nif) values (709, 'Garv', '1472 2nd Center', 'Xekar', '304-187-0525', '62142654N');
insert into cliente (id, nombre, direccion, poblacion, telef, nif) values (710, 'Davy', '2342 Spohn Terrace', 'Weitang', '310-915-8549', '49819689G');
insert into cliente (id, nombre, direccion, poblacion, telef, nif) values (711, 'Aviva', '0935 Fieldstone Avenue', 'Daying', '474-611-7789', '91255997H');
insert into cliente (id, nombre, direccion, poblacion, telef, nif) values (712, 'Tracy', '42 Columbus Trail', 'Baiyushan', '213-319-8134', '96906740W');
insert into cliente (id, nombre, direccion, poblacion, telef, nif) values (713, 'Chris', '69 4th Drive', 'Vrakháti', '482-812-8811', '92904776G');
insert into cliente (id, nombre, direccion, poblacion, telef, nif) values (714, 'Bronson', '13944 Towne Point', 'Polowat', '865-267-6722', '17038366L');
insert into cliente (id, nombre, direccion, poblacion, telef, nif) values (715, 'Bridget', '77 Sutherland Crossing', 'Dasiping', '738-286-5479', '23427219W');
insert into cliente (id, nombre, direccion, poblacion, telef, nif) values (716, 'Willetta', '700 Hollow Ridge Drive', 'Vrbas', '690-554-8115', '63066696R');
insert into cliente (id, nombre, direccion, poblacion, telef, nif) values (717, 'Valenka', '080 Colorado Avenue', 'El Pino', '347-511-8103', '20706214W');
insert into cliente (id, nombre, direccion, poblacion, telef, nif) values (718, 'Lyndel', '08 Northland Court', 'København', '542-659-5103', '13865404O');
insert into cliente (id, nombre, direccion, poblacion, telef, nif) values (719, 'Percival', '96945 5th Circle', 'Chrzanów', '914-804-6042', '13894514S');
insert into cliente (id, nombre, direccion, poblacion, telef, nif) values (720, 'Horst', '7830 Nancy Court', 'Petropavlovsk', '754-306-3867', '32691903H');
insert into cliente (id, nombre, direccion, poblacion, telef, nif) values (721, 'Carlos', '8304 Boyd Pass', 'Novorossiysk', '704-339-5103', '62846436R');
insert into cliente (id, nombre, direccion, poblacion, telef, nif) values (722, 'Husein', '6 Lake View Terrace', 'Eindhoven', '284-811-9629', '93274922E');
insert into cliente (id, nombre, direccion, poblacion, telef, nif) values (723, 'Ricoriki', '092 Northland Park', 'Seminole', '317-755-7659', '63372088O');
insert into cliente (id, nombre, direccion, poblacion, telef, nif) values (724, 'Fawnia', '38 Buell Parkway', 'San Narciso', '539-572-8660', '99094314U');
insert into cliente (id, nombre, direccion, poblacion, telef, nif) values (725, 'Perrine', '794 Coolidge Place', 'Mahābād', '852-240-7023', '22813911A');
insert into cliente (id, nombre, direccion, poblacion, telef, nif) values (726, 'Alli', '35 Garrison Terrace', 'Virden', '139-552-7115', '54985095I');
insert into cliente (id, nombre, direccion, poblacion, telef, nif) values (727, 'Carolus', '753 Armistice Drive', 'Golden', '360-653-8474', '85308663V');
insert into cliente (id, nombre, direccion, poblacion, telef, nif) values (728, 'Shellysheldon', '0655 Ryan Drive', 'Gibbons', '677-253-3668', '52141629G');
insert into cliente (id, nombre, direccion, poblacion, telef, nif) values (729, 'Caye', '7405 Mesta Court', 'Kajatian', '693-900-7823', '06967233R');
insert into cliente (id, nombre, direccion, poblacion, telef, nif) values (730, 'Harri', '1 Loeprich Terrace', 'Biltine', '406-312-7602', '71429246W');
insert into cliente (id, nombre, direccion, poblacion, telef, nif) values (731, 'Kerwin', '69 Northfield Lane', 'Rezé', '830-660-3498', '96900072C');
insert into cliente (id, nombre, direccion, poblacion, telef, nif) values (732, 'Kathlin', '231 Forest Dale Circle', 'Chornukhy', '668-247-9668', '28811146J');
insert into cliente (id, nombre, direccion, poblacion, telef, nif) values (733, 'Renaldo', '85208 Walton Road', 'Szydłowo', '459-590-6099', '08402726F');
insert into cliente (id, nombre, direccion, poblacion, telef, nif) values (734, 'Malynda', '22 Helena Center', 'Haveli', '881-913-3104', '76134218T');
insert into cliente (id, nombre, direccion, poblacion, telef, nif) values (735, 'Walsh', '6848 Lakewood Gardens Circle', 'Nioumamilima', '694-442-2852', '09042495K');
insert into cliente (id, nombre, direccion, poblacion, telef, nif) values (736, 'Powell', '85 Charing Cross Road', 'Ręczno', '262-199-0352', '17142832G');
insert into cliente (id, nombre, direccion, poblacion, telef, nif) values (737, 'Ivonne', '988 Ridgeview Way', 'Ciela Lebak', '691-901-5957', '64185036K');
insert into cliente (id, nombre, direccion, poblacion, telef, nif) values (738, 'Larry', '1971 Eagle Crest Avenue', 'Valledupar', '603-170-6854', '56154887Q');
insert into cliente (id, nombre, direccion, poblacion, telef, nif) values (739, 'Otho', '50 7th Pass', 'Beijós', '450-152-9142', '26628151T');
insert into cliente (id, nombre, direccion, poblacion, telef, nif) values (740, 'Wally', '1 Green Ridge Court', 'Pedra Furada', '425-713-1832', '55073302N');
insert into cliente (id, nombre, direccion, poblacion, telef, nif) values (741, 'Elsi', '64 Victoria Plaza', 'Baghdad', '958-456-4828', '62744897O');
insert into cliente (id, nombre, direccion, poblacion, telef, nif) values (742, 'Brianne', '27490 Farmco Circle', 'Pisang', '941-121-0092', '59485522K');
insert into cliente (id, nombre, direccion, poblacion, telef, nif) values (743, 'Leicester', '04240 Del Mar Center', 'Kwangyang', '835-818-2469', '21429569O');
insert into cliente (id, nombre, direccion, poblacion, telef, nif) values (744, 'Conrade', '9 Artisan Junction', 'Port Antonio', '591-204-8883', '85478730V');
insert into cliente (id, nombre, direccion, poblacion, telef, nif) values (745, 'Mike', '5 Di Loreto Alley', 'Xinkai', '699-159-9705', '08031818A');
insert into cliente (id, nombre, direccion, poblacion, telef, nif) values (746, 'Ebeneser', '96915 Gateway Center', 'Pedra Azul', '208-875-8871', '12579382Z');
insert into cliente (id, nombre, direccion, poblacion, telef, nif) values (747, 'Callie', '20 Northridge Point', 'Kafachan', '620-885-9045', '28341125C');
insert into cliente (id, nombre, direccion, poblacion, telef, nif) values (748, 'Zondra', '2628 Stone Corner Court', 'Paris 14', '987-444-7371', '32332514D');
insert into cliente (id, nombre, direccion, poblacion, telef, nif) values (749, 'Frazer', '1835 International Junction', 'Pasarnangka', '931-616-6310', '46642096B');
insert into cliente (id, nombre, direccion, poblacion, telef, nif) values (750, 'Kev', '5502 Dakota Terrace', 'Bergen', '946-970-1725', '99075076F');
insert into cliente (id, nombre, direccion, poblacion, telef, nif) values (751, 'Shirline', '047 Bonner Place', 'Gambaru', '341-785-9445', '49860119W');
insert into cliente (id, nombre, direccion, poblacion, telef, nif) values (752, 'Rusty', '46 Blue Bill Park Alley', 'Eslöv', '137-240-0022', '09747151T');
insert into cliente (id, nombre, direccion, poblacion, telef, nif) values (753, 'Ellette', '23972 Thompson Place', 'Jawa', '433-895-0221', '72596664T');
insert into cliente (id, nombre, direccion, poblacion, telef, nif) values (754, 'Helge', '7 Stoughton Lane', 'Dongyuan', '515-622-7987', '29645174P');
insert into cliente (id, nombre, direccion, poblacion, telef, nif) values (755, 'Morgen', '14 Tennessee Trail', 'Tukuyu', '367-247-1600', '43387094R');
insert into cliente (id, nombre, direccion, poblacion, telef, nif) values (756, 'Veronike', '3 Hovde Plaza', 'Sydney', '925-393-2408', '85488872Q');
insert into cliente (id, nombre, direccion, poblacion, telef, nif) values (757, 'Alfy', '839 Ryan Crossing', 'Rockford', '815-797-6988', '07409524Z');
insert into cliente (id, nombre, direccion, poblacion, telef, nif) values (758, 'Ansel', '03 Eagle Crest Center', 'Murovanoye', '153-647-2017', '10523550L');
insert into cliente (id, nombre, direccion, poblacion, telef, nif) values (759, 'Sawyere', '80 Crownhardt Lane', 'Rafael Hernandez Ochoa', '801-249-0854', '44703753A');
insert into cliente (id, nombre, direccion, poblacion, telef, nif) values (760, 'Dianne', '1109 Victoria Way', 'Luozhou', '581-963-6673', '28843469O');
insert into cliente (id, nombre, direccion, poblacion, telef, nif) values (761, 'Bess', '65040 Algoma Lane', 'Funtua', '134-609-3553', '19897182K');
insert into cliente (id, nombre, direccion, poblacion, telef, nif) values (762, 'Haywood', '50052 Swallow Street', 'Roun Satu', '235-261-9984', '48930013T');
insert into cliente (id, nombre, direccion, poblacion, telef, nif) values (763, 'Courtney', '56932 Hazelcrest Park', 'Kėdainiai', '662-326-3657', '91191422D');
insert into cliente (id, nombre, direccion, poblacion, telef, nif) values (764, 'Rosaleen', '637 Valley Edge Alley', 'Huanghuai', '682-531-0578', '48805347U');
insert into cliente (id, nombre, direccion, poblacion, telef, nif) values (765, 'Hallie', '85968 Morningstar Center', 'Tibro', '523-164-8064', '93346890C');
insert into cliente (id, nombre, direccion, poblacion, telef, nif) values (766, 'Meade', '189 Derek Terrace', 'Xiaoshi', '447-943-6269', '45160785P');
insert into cliente (id, nombre, direccion, poblacion, telef, nif) values (767, 'Irita', '116 Bashford Parkway', 'Bandarlampung', '292-316-2232', '15137073A');
insert into cliente (id, nombre, direccion, poblacion, telef, nif) values (768, 'Kyle', '2741 Service Point', 'Havířov', '797-665-2788', '98939224J');
insert into cliente (id, nombre, direccion, poblacion, telef, nif) values (769, 'Kerrin', '84 Oriole Court', 'Alcabideche', '105-687-1110', '95598826M');
insert into cliente (id, nombre, direccion, poblacion, telef, nif) values (770, 'Fraser', '2678 Talisman Pass', 'Kishkenekol’', '590-296-4362', '69870895V');
insert into cliente (id, nombre, direccion, poblacion, telef, nif) values (771, 'Shem', '25542 Redwing Crossing', 'Sancang', '876-853-3296', '85658160P');
insert into cliente (id, nombre, direccion, poblacion, telef, nif) values (772, 'Allison', '254 Elka Avenue', 'Krajan Karanganyar', '914-915-3626', '24222300J');
insert into cliente (id, nombre, direccion, poblacion, telef, nif) values (773, 'Madelle', '5 Rutledge Center', 'Mount Frere', '724-747-0048', '87419068B');
insert into cliente (id, nombre, direccion, poblacion, telef, nif) values (774, 'Reynard', '90676 Mayfield Alley', 'Sinubong', '225-291-5032', '64349078E');
insert into cliente (id, nombre, direccion, poblacion, telef, nif) values (775, 'Norbie', '34035 3rd Avenue', 'Hongqi', '737-809-8403', '36129922I');
insert into cliente (id, nombre, direccion, poblacion, telef, nif) values (776, 'Fulton', '943 Montana Parkway', 'Rungis', '522-172-2369', '54420139Z');
insert into cliente (id, nombre, direccion, poblacion, telef, nif) values (777, 'Xylia', '943 Linden Hill', 'Boto', '589-546-3373', '88203947U');
insert into cliente (id, nombre, direccion, poblacion, telef, nif) values (778, 'Jules', '72 Weeping Birch Center', 'Valencia', '873-195-7675', '28752394R');
insert into cliente (id, nombre, direccion, poblacion, telef, nif) values (779, 'Sim', '1 Prentice Junction', 'Tamansari', '601-138-0372', '26037189J');
insert into cliente (id, nombre, direccion, poblacion, telef, nif) values (780, 'Mahmud', '24398 Bluestem Place', 'Triteh', '574-287-5344', '71338895U');
insert into cliente (id, nombre, direccion, poblacion, telef, nif) values (781, 'Elbertina', '399 Butternut Circle', 'Kalianyar Selatan', '374-484-2652', '73351554P');
insert into cliente (id, nombre, direccion, poblacion, telef, nif) values (782, 'Malia', '1 Dawn Terrace', 'Soldato-Aleksandrovskoye', '690-428-2446', '07607319S');
insert into cliente (id, nombre, direccion, poblacion, telef, nif) values (783, 'Nanine', '02 Brentwood Circle', 'Fufang', '515-749-4674', '13923085X');
insert into cliente (id, nombre, direccion, poblacion, telef, nif) values (784, 'Lawrence', '9930 Schlimgen Crossing', 'Łubniany', '689-728-7289', '74663881C');
insert into cliente (id, nombre, direccion, poblacion, telef, nif) values (785, 'Krishna', '45455 Lindbergh Avenue', 'Kopang Satu', '282-936-6592', '73051218M');
insert into cliente (id, nombre, direccion, poblacion, telef, nif) values (786, 'Ferne', '9582 Cottonwood Pass', 'Tayu', '701-861-4862', '90276266O');
insert into cliente (id, nombre, direccion, poblacion, telef, nif) values (787, 'Marc', '340 Lake View Crossing', 'Marneuli', '216-377-2561', '41546213L');
insert into cliente (id, nombre, direccion, poblacion, telef, nif) values (788, 'Herta', '056 Menomonie Court', 'Qianpai', '828-521-8828', '19938925Y');
insert into cliente (id, nombre, direccion, poblacion, telef, nif) values (789, 'Gay', '097 Corry Crossing', 'Salinas', '436-996-2910', '36367795T');
insert into cliente (id, nombre, direccion, poblacion, telef, nif) values (790, 'Shayla', '6 Glendale Junction', 'São José', '611-513-8856', '41199274E');
insert into cliente (id, nombre, direccion, poblacion, telef, nif) values (791, 'Mic', '23 Hooker Place', 'Amieiro', '485-316-5644', '64444416Y');
insert into cliente (id, nombre, direccion, poblacion, telef, nif) values (792, 'Fredek', '99345 Mallard Center', 'Rybnaya Sloboda', '551-787-9403', '11349633S');
insert into cliente (id, nombre, direccion, poblacion, telef, nif) values (793, 'Pearle', '9 Declaration Hill', 'Apoya', '569-684-0837', '69706353I');
insert into cliente (id, nombre, direccion, poblacion, telef, nif) values (794, 'Robinetta', '4662 Jana Lane', 'Mato Cheirinhos', '631-197-9319', '43220799H');
insert into cliente (id, nombre, direccion, poblacion, telef, nif) values (795, 'Bordy', '773 South Place', 'Mikstat', '564-232-7282', '98752156H');
insert into cliente (id, nombre, direccion, poblacion, telef, nif) values (796, 'Andreana', '69 Manitowish Circle', 'Józefów', '476-972-5567', '94041881W');
insert into cliente (id, nombre, direccion, poblacion, telef, nif) values (797, 'Noelle', '1 Corben Place', 'Shangfang', '420-941-0906', '74796220Z');
insert into cliente (id, nombre, direccion, poblacion, telef, nif) values (798, 'Fawnia', '64747 Pawling Hill', 'Dongxin', '944-713-5887', '09975716P');
insert into cliente (id, nombre, direccion, poblacion, telef, nif) values (799, 'Cindra', '1351 Mayfield Road', 'Jinze', '380-881-6734', '17165281R');
insert into cliente (id, nombre, direccion, poblacion, telef, nif) values (800, 'Sacha', '13780 Dovetail Place', 'Budakovo', '912-934-9053', '13014955R');
insert into cliente (id, nombre, direccion, poblacion, telef, nif) values (801, 'Kare', '43565 Old Gate Street', 'Ciudad Nueva', '430-327-2405', '12347918Q');
insert into cliente (id, nombre, direccion, poblacion, telef, nif) values (802, 'Kayle', '53 Packers Drive', 'Doblas', '941-522-8481', '36792228R');
insert into cliente (id, nombre, direccion, poblacion, telef, nif) values (803, 'Augusta', '4012 Forster Point', 'Pak Chong', '336-959-6845', '08079177H');
insert into cliente (id, nombre, direccion, poblacion, telef, nif) values (804, 'Ezechiel', '169 7th Hill', 'Pingshan', '283-221-0247', '19569383X');
insert into cliente (id, nombre, direccion, poblacion, telef, nif) values (805, 'Brandise', '9388 Scoville Pass', 'Copán', '143-322-5799', '59585708P');
insert into cliente (id, nombre, direccion, poblacion, telef, nif) values (806, 'Malanie', '1 Merrick Alley', 'Tieremu', '560-483-3546', '55684714T');
insert into cliente (id, nombre, direccion, poblacion, telef, nif) values (807, 'Barbabra', '4615 Graceland Avenue', 'Villach', '277-971-3559', '20094669O');
insert into cliente (id, nombre, direccion, poblacion, telef, nif) values (808, 'Lucky', '070 Upham Parkway', 'Oświęcim', '911-805-4904', '22332799S');
insert into cliente (id, nombre, direccion, poblacion, telef, nif) values (809, 'Nanny', '86756 Forest Pass', 'Houston', '281-918-1153', '00590349L');
insert into cliente (id, nombre, direccion, poblacion, telef, nif) values (810, 'Mariquilla', '43 Fair Oaks Point', 'Cibojong', '582-597-3116', '83965883T');
insert into cliente (id, nombre, direccion, poblacion, telef, nif) values (811, 'Bree', '05013 Corry Drive', 'Looc', '943-273-0575', '41899479K');
insert into cliente (id, nombre, direccion, poblacion, telef, nif) values (812, 'Jobi', '02 Jenifer Place', 'Nova Petrópolis', '834-622-1192', '96773810C');
insert into cliente (id, nombre, direccion, poblacion, telef, nif) values (813, 'Fredelia', '408 Sage Point', 'Aughrim', '428-327-7379', '54103446Q');
insert into cliente (id, nombre, direccion, poblacion, telef, nif) values (814, 'Nellie', '8 Stoughton Drive', 'Nurlat', '815-767-6700', '46989590P');
insert into cliente (id, nombre, direccion, poblacion, telef, nif) values (815, 'Lanny', '6470 Almo Crossing', 'Gukovo', '761-504-3339', '67859462G');
insert into cliente (id, nombre, direccion, poblacion, telef, nif) values (816, 'Marla', '53 Pepper Wood Lane', 'Gulu', '125-807-2879', '73378902X');
insert into cliente (id, nombre, direccion, poblacion, telef, nif) values (817, 'Rose', '38 Eggendart Place', 'Chone', '967-965-3673', '65493240X');
insert into cliente (id, nombre, direccion, poblacion, telef, nif) values (818, 'Anthony', '2 Gerald Court', 'Lue Amnat', '840-802-1273', '62178478S');
insert into cliente (id, nombre, direccion, poblacion, telef, nif) values (819, 'Kora', '0083 Shoshone Street', 'Laç', '525-242-6186', '01659107I');
insert into cliente (id, nombre, direccion, poblacion, telef, nif) values (820, 'Marion', '2 Trailsway Center', 'Morelos', '244-877-0565', '67021070E');
insert into cliente (id, nombre, direccion, poblacion, telef, nif) values (821, 'Codie', '167 Almo Center', 'Turiys’k', '435-497-6133', '26475459X');
insert into cliente (id, nombre, direccion, poblacion, telef, nif) values (822, 'Cosimo', '56263 Hintze Hill', 'Hohhot', '418-344-1434', '68077118Q');
insert into cliente (id, nombre, direccion, poblacion, telef, nif) values (823, 'Rheta', '61 Holmberg Plaza', 'La Cruz', '491-570-5547', '07627005U');
insert into cliente (id, nombre, direccion, poblacion, telef, nif) values (824, 'Marice', '42 Hoard Terrace', 'Zhdanov', '339-424-1349', '32511558G');
insert into cliente (id, nombre, direccion, poblacion, telef, nif) values (825, 'Pamella', '2 Hoard Lane', 'Golina', '960-166-6066', '66938069L');
insert into cliente (id, nombre, direccion, poblacion, telef, nif) values (826, 'Ailbert', '2635 Marquette Trail', 'Bagroy', '306-377-6529', '57556822X');
insert into cliente (id, nombre, direccion, poblacion, telef, nif) values (827, 'Helyn', '26 Killdeer Road', 'Oslo', '450-424-3333', '28126337X');
insert into cliente (id, nombre, direccion, poblacion, telef, nif) values (828, 'Dolorita', '7 Clemons Court', 'Del Pilar', '807-917-8185', '04752477L');
insert into cliente (id, nombre, direccion, poblacion, telef, nif) values (829, 'Charlene', '28383 Bartillon Parkway', 'Mlandizi', '855-383-2552', '99995298W');
insert into cliente (id, nombre, direccion, poblacion, telef, nif) values (830, 'Jule', '0 Gina Point', 'Bov', '881-745-7695', '61395933B');
insert into cliente (id, nombre, direccion, poblacion, telef, nif) values (831, 'Bride', '12 Red Cloud Hill', 'Blessington', '246-225-5863', '20438198H');
insert into cliente (id, nombre, direccion, poblacion, telef, nif) values (832, 'Terrel', '19 Dryden Junction', 'Mosar', '696-634-5857', '39988305Y');
insert into cliente (id, nombre, direccion, poblacion, telef, nif) values (833, 'Vidovik', '436 Autumn Leaf Trail', 'Kryevidh', '474-805-8072', '58930031Z');
insert into cliente (id, nombre, direccion, poblacion, telef, nif) values (834, 'Court', '0 Caliangt Hill', 'Dongguang', '908-472-9414', '48774214P');
insert into cliente (id, nombre, direccion, poblacion, telef, nif) values (835, 'Nora', '263 Hermina Parkway', 'Meilong', '630-618-8350', '07237845A');
insert into cliente (id, nombre, direccion, poblacion, telef, nif) values (836, 'Michaelina', '3661 Maywood Center', 'Muraharjo', '199-578-3491', '73634871K');
insert into cliente (id, nombre, direccion, poblacion, telef, nif) values (837, 'Griffie', '22 Summerview Crossing', 'Dasuhe', '939-742-5490', '02399785X');
insert into cliente (id, nombre, direccion, poblacion, telef, nif) values (838, 'Kimberlyn', '2207 Mendota Circle', 'Mādabā', '872-230-2435', '24432860P');
insert into cliente (id, nombre, direccion, poblacion, telef, nif) values (839, 'Marietta', '0 Alpine Parkway', 'Atalhada', '181-118-4078', '08887038O');
insert into cliente (id, nombre, direccion, poblacion, telef, nif) values (840, 'Daren', '82 Autumn Leaf Parkway', 'Ketitang Wetan', '626-747-7074', '67415703C');
insert into cliente (id, nombre, direccion, poblacion, telef, nif) values (841, 'Damaris', '9155 La Follette Parkway', 'Sambava', '418-308-8640', '40878544J');
insert into cliente (id, nombre, direccion, poblacion, telef, nif) values (842, 'Udale', '65108 American Lane', 'Arcos', '504-427-5453', '45775350K');
insert into cliente (id, nombre, direccion, poblacion, telef, nif) values (843, 'Abra', '76 Menomonie Way', 'Butungan', '764-157-8808', '62027931F');
insert into cliente (id, nombre, direccion, poblacion, telef, nif) values (844, 'Simone', '2 Marquette Avenue', 'Culubasa', '527-962-2245', '72170207I');
insert into cliente (id, nombre, direccion, poblacion, telef, nif) values (845, 'Donovan', '230 Badeau Alley', 'Konstantynów', '289-280-9787', '31790090K');
insert into cliente (id, nombre, direccion, poblacion, telef, nif) values (846, 'Clywd', '511 Red Cloud Terrace', 'København', '712-997-1666', '79092850J');
insert into cliente (id, nombre, direccion, poblacion, telef, nif) values (847, 'Port', '3 Stoughton Avenue', 'Limache', '777-873-8679', '20302398O');
insert into cliente (id, nombre, direccion, poblacion, telef, nif) values (848, 'Clarinda', '805 Sunnyside Hill', 'Wasagu', '643-339-6771', '43888544M');
insert into cliente (id, nombre, direccion, poblacion, telef, nif) values (849, 'Pansie', '062 Mcguire Center', 'Shibukawa', '680-145-1091', '21680732W');
insert into cliente (id, nombre, direccion, poblacion, telef, nif) values (850, 'Mariam', '4 Graedel Center', 'Wuchagou', '943-942-4283', '78048409F');
insert into cliente (id, nombre, direccion, poblacion, telef, nif) values (851, 'Nancie', '9307 Delladonna Place', 'Coaticook', '229-689-1924', '36473757W');
insert into cliente (id, nombre, direccion, poblacion, telef, nif) values (852, 'Randi', '4309 Pennsylvania Plaza', 'Rantauambacang', '321-768-1968', '58359416D');
insert into cliente (id, nombre, direccion, poblacion, telef, nif) values (853, 'Siana', '8 Mockingbird Point', 'Jezzîne', '243-472-4741', '34923648T');
insert into cliente (id, nombre, direccion, poblacion, telef, nif) values (854, 'Skippie', '34685 Red Cloud Hill', 'San Pablo', '367-602-8251', '19138986B');
insert into cliente (id, nombre, direccion, poblacion, telef, nif) values (855, 'Stafford', '7 Eastlawn Point', 'Touba', '792-508-8466', '91809749Z');
insert into cliente (id, nombre, direccion, poblacion, telef, nif) values (856, 'Gonzalo', '1169 Golden Leaf Junction', 'San Agustin', '824-606-2917', '34046506S');
insert into cliente (id, nombre, direccion, poblacion, telef, nif) values (857, 'Enriqueta', '76 Northfield Place', 'Manay', '739-129-0734', '02237746E');
insert into cliente (id, nombre, direccion, poblacion, telef, nif) values (858, 'Thomasin', '76845 Melody Avenue', 'Ronglong', '574-403-9896', '46065128Z');
insert into cliente (id, nombre, direccion, poblacion, telef, nif) values (859, 'Genny', '23906 Mallory Way', 'Béziers', '235-833-2296', '96356249I');
insert into cliente (id, nombre, direccion, poblacion, telef, nif) values (860, 'Amory', '1787 Roxbury Street', 'Guji', '360-526-3994', '45663489F');
insert into cliente (id, nombre, direccion, poblacion, telef, nif) values (861, 'Edyth', '967 Blaine Circle', 'Paris 11', '461-453-3347', '76337795X');
insert into cliente (id, nombre, direccion, poblacion, telef, nif) values (862, 'Maggi', '1 Declaration Point', 'Granada', '592-978-7218', '60191325I');
insert into cliente (id, nombre, direccion, poblacion, telef, nif) values (863, 'Minnnie', '09907 Canary Terrace', 'Neuss', '372-273-0183', '07627360M');
insert into cliente (id, nombre, direccion, poblacion, telef, nif) values (864, 'Matt', '57044 Maryland Pass', 'Tangzha', '628-352-8353', '01319028W');
insert into cliente (id, nombre, direccion, poblacion, telef, nif) values (865, 'Elsy', '4106 Bellgrove Parkway', 'Zarqa', '413-219-0094', '72186622V');
insert into cliente (id, nombre, direccion, poblacion, telef, nif) values (866, 'Cirillo', '3 Lotheville Circle', 'Ersekë', '616-311-1160', '04559337O');
insert into cliente (id, nombre, direccion, poblacion, telef, nif) values (867, 'Hastie', '2 Jenna Trail', 'Balengbeng', '174-569-2093', '48833736N');
insert into cliente (id, nombre, direccion, poblacion, telef, nif) values (868, 'Ulrika', '4010 Hallows Crossing', 'Banaba', '188-284-3735', '62330560U');
insert into cliente (id, nombre, direccion, poblacion, telef, nif) values (869, 'Georgiana', '41777 Mariners Cove Street', 'Kochani', '712-686-9614', '16942598B');
insert into cliente (id, nombre, direccion, poblacion, telef, nif) values (870, 'Avie', '7 Victoria Road', 'Esperanza', '728-887-1044', '00970963D');
insert into cliente (id, nombre, direccion, poblacion, telef, nif) values (871, 'Cyrus', '105 Bluejay Way', 'Gävle', '345-232-6368', '46431803H');
insert into cliente (id, nombre, direccion, poblacion, telef, nif) values (872, 'Phaidra', '9 Pawling Court', 'Manglid', '680-604-0091', '69932379D');
insert into cliente (id, nombre, direccion, poblacion, telef, nif) values (873, 'Caryl', '642 Hanson Pass', 'Kelburn', '736-679-7542', '68958079S');
insert into cliente (id, nombre, direccion, poblacion, telef, nif) values (874, 'Lanna', '05221 Sutteridge Court', 'Sucre', '913-421-4199', '59531423X');
insert into cliente (id, nombre, direccion, poblacion, telef, nif) values (875, 'Kev', '901 Norway Maple Plaza', 'Buchanan', '317-289-6595', '63395618E');
insert into cliente (id, nombre, direccion, poblacion, telef, nif) values (876, 'Nickolaus', '85501 Jenna Trail', 'Glugur Tengah', '743-552-8197', '59126087G');
insert into cliente (id, nombre, direccion, poblacion, telef, nif) values (877, 'Barbey', '74105 East Circle', 'Duisburg', '575-861-9095', '02736624A');
insert into cliente (id, nombre, direccion, poblacion, telef, nif) values (878, 'Ki', '06800 Ilene Circle', 'Nice', '838-822-5758', '64548812N');
insert into cliente (id, nombre, direccion, poblacion, telef, nif) values (879, 'Marylynne', '2291 Schmedeman Parkway', 'Ust’-Labinsk', '171-520-8850', '87902958M');
insert into cliente (id, nombre, direccion, poblacion, telef, nif) values (880, 'Mildrid', '03640 Barnett Lane', 'Bichura', '369-915-1606', '48538787Q');
insert into cliente (id, nombre, direccion, poblacion, telef, nif) values (881, 'Drucy', '5 Lawn Road', 'Baugo', '404-230-9309', '06389331W');
insert into cliente (id, nombre, direccion, poblacion, telef, nif) values (882, 'Linnell', '741 Hazelcrest Way', 'Potet', '212-850-1285', '77644094C');
insert into cliente (id, nombre, direccion, poblacion, telef, nif) values (883, 'Christyna', '65 Thierer Junction', 'Hägersten', '457-900-4578', '78810093E');
insert into cliente (id, nombre, direccion, poblacion, telef, nif) values (884, 'Carmen', '1 Tony Pass', 'Jitian', '450-325-7159', '06177343U');
insert into cliente (id, nombre, direccion, poblacion, telef, nif) values (885, 'Dillon', '0597 Ludington Pass', 'Magrath', '356-948-0421', '70115228L');
insert into cliente (id, nombre, direccion, poblacion, telef, nif) values (886, 'Eugen', '619 Butternut Plaza', 'Gande', '933-265-0569', '98765067S');
insert into cliente (id, nombre, direccion, poblacion, telef, nif) values (887, 'Hercule', '5 Brickson Park Point', 'Ottawa', '492-635-6668', '27025743L');
insert into cliente (id, nombre, direccion, poblacion, telef, nif) values (888, 'Rena', '829 Summit Parkway', 'Oslo', '207-780-3258', '81984355K');
insert into cliente (id, nombre, direccion, poblacion, telef, nif) values (889, 'Nick', '146 Sugar Plaza', 'Ganta', '369-313-2645', '80930364B');
insert into cliente (id, nombre, direccion, poblacion, telef, nif) values (890, 'Pier', '97736 Maple Wood Terrace', 'Bilian', '478-466-7671', '79000518Y');
insert into cliente (id, nombre, direccion, poblacion, telef, nif) values (891, 'Gerrilee', '930 Rutledge Park', 'Varge Mondar', '298-557-1434', '31073102B');
insert into cliente (id, nombre, direccion, poblacion, telef, nif) values (892, 'Sandra', '67962 Norway Maple Lane', 'Muyaka', '513-627-3919', '58515391F');
insert into cliente (id, nombre, direccion, poblacion, telef, nif) values (893, 'Onofredo', '064 Superior Park', 'Wuyo', '328-279-7275', '81133396F');
insert into cliente (id, nombre, direccion, poblacion, telef, nif) values (894, 'Rosana', '59 Dovetail Way', 'Bryansk', '805-171-6978', '32858740R');
insert into cliente (id, nombre, direccion, poblacion, telef, nif) values (895, 'Buddy', '85 Bunker Hill Avenue', 'Tembongraja', '532-787-3260', '65868792G');
insert into cliente (id, nombre, direccion, poblacion, telef, nif) values (896, 'Cookie', '547 Birchwood Terrace', 'Reguengos de Monsaraz', '448-489-4424', '04877775I');
insert into cliente (id, nombre, direccion, poblacion, telef, nif) values (897, 'Barnett', '5 Becker Terrace', 'Hantara', '870-471-0954', '21558086D');
insert into cliente (id, nombre, direccion, poblacion, telef, nif) values (898, 'Osbert', '4059 Badeau Court', 'Garcia Hernandez', '333-326-6541', '82464954A');
insert into cliente (id, nombre, direccion, poblacion, telef, nif) values (899, 'Evelyn', '5923 Leroy Pass', 'Lugu', '805-231-1272', '87138245U');
insert into cliente (id, nombre, direccion, poblacion, telef, nif) values (900, 'Rosalie', '590 Anzinger Drive', 'Xam Nua', '657-948-8358', '61407988L');
insert into cliente (id, nombre, direccion, poblacion, telef, nif) values (901, 'Staci', '30964 Redwing Parkway', 'Choma', '270-730-1468', '60432467K');
insert into cliente (id, nombre, direccion, poblacion, telef, nif) values (902, 'Kristi', '55897 Kropf Terrace', 'Jincheng', '760-288-5631', '88114636E');
insert into cliente (id, nombre, direccion, poblacion, telef, nif) values (903, 'Ramon', '8 Oxford Drive', 'Bobrowice', '413-481-9301', '82169664Z');
insert into cliente (id, nombre, direccion, poblacion, telef, nif) values (904, 'Grannie', '064 Prairieview Parkway', 'Mandal', '313-576-8022', '71612926Q');
insert into cliente (id, nombre, direccion, poblacion, telef, nif) values (905, 'Bessie', '72 Brentwood Drive', 'New Bedford', '508-411-9864', '13415702I');
insert into cliente (id, nombre, direccion, poblacion, telef, nif) values (906, 'Marybeth', '820 Spaight Court', 'Kwolla', '354-132-6089', '79115801H');
insert into cliente (id, nombre, direccion, poblacion, telef, nif) values (907, 'Caren', '216 Hoepker Way', 'Los Angeles', '310-341-2027', '25459812O');
insert into cliente (id, nombre, direccion, poblacion, telef, nif) values (908, 'Ariella', '38 Holy Cross Park', 'Namyang-dong', '552-644-1669', '54037680Z');
insert into cliente (id, nombre, direccion, poblacion, telef, nif) values (909, 'Rozella', '10940 Knutson Point', 'Dawu Chengguanzhen', '324-382-8928', '25976401Q');
insert into cliente (id, nombre, direccion, poblacion, telef, nif) values (910, 'Meryl', '97 Tennessee Park', 'Baturaja', '144-495-5960', '80580307W');
insert into cliente (id, nombre, direccion, poblacion, telef, nif) values (911, 'Didi', '55902 Vidon Alley', 'Khoronk’', '542-201-9599', '56593148G');
insert into cliente (id, nombre, direccion, poblacion, telef, nif) values (912, 'Ragnar', '2310 John Wall Alley', 'Bokkos', '300-228-4579', '15102572J');
insert into cliente (id, nombre, direccion, poblacion, telef, nif) values (913, 'Lindie', '30650 Stephen Park', 'Caucasia', '427-952-0889', '27901843C');
insert into cliente (id, nombre, direccion, poblacion, telef, nif) values (914, 'Ramsey', '873 Russell Drive', 'Cantuk Kidul', '346-766-9212', '66087303C');
insert into cliente (id, nombre, direccion, poblacion, telef, nif) values (915, 'Dana', '002 Harper Pass', 'Chon Buri', '239-255-2942', '65742685N');
insert into cliente (id, nombre, direccion, poblacion, telef, nif) values (916, 'Rice', '08769 Esker Road', 'Al Jadīd', '657-798-0026', '32063229P');
insert into cliente (id, nombre, direccion, poblacion, telef, nif) values (917, 'Yovonnda', '3445 Granby Hill', 'Don Tan', '827-825-8603', '42019425E');
insert into cliente (id, nombre, direccion, poblacion, telef, nif) values (918, 'Cash', '68 Park Meadow Center', 'Mingcheng', '765-949-3293', '24161622N');
insert into cliente (id, nombre, direccion, poblacion, telef, nif) values (919, 'Livvyy', '455 Eastwood Avenue', 'Waterbury', '203-619-7189', '23824580I');
insert into cliente (id, nombre, direccion, poblacion, telef, nif) values (920, 'Jacky', '127 Elmside Park', 'Balrothery', '640-903-8941', '92241833N');
insert into cliente (id, nombre, direccion, poblacion, telef, nif) values (921, 'Henrieta', '88362 Lerdahl Terrace', 'Mingjing', '230-205-0406', '63316089L');
insert into cliente (id, nombre, direccion, poblacion, telef, nif) values (922, 'Jeannine', '9 Carioca Center', 'White River', '613-477-6702', '94217294I');
insert into cliente (id, nombre, direccion, poblacion, telef, nif) values (923, 'Benjy', '26 Bobwhite Point', 'Bzenec', '514-478-0283', '99970706A');
insert into cliente (id, nombre, direccion, poblacion, telef, nif) values (924, 'Audry', '0314 Prairieview Center', 'Fangshan', '127-377-6141', '95644516B');
insert into cliente (id, nombre, direccion, poblacion, telef, nif) values (925, 'Gerty', '1 Holmberg Terrace', 'Omboué', '255-329-6205', '59247246N');
insert into cliente (id, nombre, direccion, poblacion, telef, nif) values (926, 'Johnnie', '5 Esch Park', 'Kerema', '431-201-9206', '91364071F');
insert into cliente (id, nombre, direccion, poblacion, telef, nif) values (927, 'Mario', '08 Bay Street', 'Neiguan', '475-114-4779', '16643544E');
insert into cliente (id, nombre, direccion, poblacion, telef, nif) values (928, 'Teriann', '4895 Sycamore Court', 'Osiedle-Nowiny', '164-161-9271', '77426075U');
insert into cliente (id, nombre, direccion, poblacion, telef, nif) values (929, 'Riannon', '3069 Crowley Place', 'Padilla', '262-906-9187', '45407743Y');
insert into cliente (id, nombre, direccion, poblacion, telef, nif) values (930, 'Cosimo', '3137 Hagan Trail', 'Buzuluk', '479-188-2208', '26067057Y');
insert into cliente (id, nombre, direccion, poblacion, telef, nif) values (931, 'Tamqrah', '2317 Clyde Gallagher Center', 'Mulawato', '945-635-6840', '47251111P');
insert into cliente (id, nombre, direccion, poblacion, telef, nif) values (932, 'Wolf', '64470 7th Parkway', 'Göteborg', '326-378-5823', '69752288A');
insert into cliente (id, nombre, direccion, poblacion, telef, nif) values (933, 'Bondie', '77 Homewood Place', 'Strasbourg', '478-185-7782', '32991692X');
insert into cliente (id, nombre, direccion, poblacion, telef, nif) values (934, 'Aguie', '688 Eggendart Alley', 'Companhia de Baixo', '454-215-9216', '45202978D');
insert into cliente (id, nombre, direccion, poblacion, telef, nif) values (935, 'Brandais', '492 Sunfield Avenue', 'Sölvesborg', '754-329-7611', '02652569C');
insert into cliente (id, nombre, direccion, poblacion, telef, nif) values (936, 'Norton', '72 Messerschmidt Court', 'Đồng Mỏ', '634-207-5510', '14734061C');
insert into cliente (id, nombre, direccion, poblacion, telef, nif) values (937, 'Doug', '95947 Sunfield Hill', 'Villaguay', '808-820-6497', '43858430O');
insert into cliente (id, nombre, direccion, poblacion, telef, nif) values (938, 'Oates', '3065 Delladonna Pass', 'Tempeh Tengah', '551-129-3619', '38414868O');
insert into cliente (id, nombre, direccion, poblacion, telef, nif) values (939, 'Germain', '8 Westend Street', 'Zhonghe', '843-623-2524', '17281964H');
insert into cliente (id, nombre, direccion, poblacion, telef, nif) values (940, 'Conroy', '077 Pine View Terrace', 'Bonabéri', '856-710-8519', '64219816W');
insert into cliente (id, nombre, direccion, poblacion, telef, nif) values (941, 'Agnese', '7484 Cody Pass', 'Paobokol', '300-716-0252', '49017304W');
insert into cliente (id, nombre, direccion, poblacion, telef, nif) values (942, 'Sadye', '25859 Melrose Hill', 'Karangtalun', '715-442-8637', '77743496N');
insert into cliente (id, nombre, direccion, poblacion, telef, nif) values (943, 'Codie', '30 Hintze Way', 'Iwakuni', '635-802-7185', '29851392H');
insert into cliente (id, nombre, direccion, poblacion, telef, nif) values (944, 'Horst', '2 Farmco Court', 'Dawu Chengguanzhen', '587-435-9363', '88629672N');
insert into cliente (id, nombre, direccion, poblacion, telef, nif) values (945, 'Nonnah', '80061 Farragut Street', 'Samur', '428-722-3298', '87157387Y');
insert into cliente (id, nombre, direccion, poblacion, telef, nif) values (946, 'Lauryn', '57096 Nevada Center', 'Torslanda', '239-406-4409', '43321081E');
insert into cliente (id, nombre, direccion, poblacion, telef, nif) values (947, 'Konstanze', '8960 Bobwhite Place', 'Xihu', '383-271-5735', '15485618P');
insert into cliente (id, nombre, direccion, poblacion, telef, nif) values (948, 'Mildred', '948 Farragut Place', 'Chunmuying', '662-195-8260', '81836507E');
insert into cliente (id, nombre, direccion, poblacion, telef, nif) values (949, 'Dotty', '0 Forster Crossing', 'Komiža', '169-389-2517', '02223470O');
insert into cliente (id, nombre, direccion, poblacion, telef, nif) values (950, 'Keith', '2804 Harper Center', 'Łubniany', '106-296-4926', '62582683W');
insert into cliente (id, nombre, direccion, poblacion, telef, nif) values (951, 'Ardyth', '921 Schmedeman Road', 'Larkird', '263-937-7544', '07926658X');
insert into cliente (id, nombre, direccion, poblacion, telef, nif) values (952, 'Orv', '98 Anderson Parkway', 'La Libertad', '453-658-6442', '70103295P');
insert into cliente (id, nombre, direccion, poblacion, telef, nif) values (953, 'Magda', '28509 Pennsylvania Circle', 'Paris 16', '737-805-1969', '19836021E');
insert into cliente (id, nombre, direccion, poblacion, telef, nif) values (954, 'Horatius', '15971 Ilene Trail', 'Xiaoshi', '100-387-1051', '73472426R');
insert into cliente (id, nombre, direccion, poblacion, telef, nif) values (955, 'Kelly', '31 Golf View Center', 'Jami', '323-353-9820', '51022882S');
insert into cliente (id, nombre, direccion, poblacion, telef, nif) values (956, 'Gusti', '8400 Manley Circle', 'Altay', '636-153-8822', '21874555E');
insert into cliente (id, nombre, direccion, poblacion, telef, nif) values (957, 'Ranee', '4 Vidon Hill', 'Châteauroux', '703-374-3190', '99115992X');
insert into cliente (id, nombre, direccion, poblacion, telef, nif) values (958, 'Reggi', '11884 Mockingbird Terrace', 'Auna', '636-597-7526', '48396224I');
insert into cliente (id, nombre, direccion, poblacion, telef, nif) values (959, 'Kaylil', '17 Schmedeman Point', 'Valdemarsvik', '296-717-7011', '55754907G');
insert into cliente (id, nombre, direccion, poblacion, telef, nif) values (960, 'Fern', '0 Eastlawn Pass', 'Kimito', '170-904-0179', '82130513W');
insert into cliente (id, nombre, direccion, poblacion, telef, nif) values (961, 'Rockey', '95 Gina Center', 'Ciénega', '513-158-1896', '11062029U');
insert into cliente (id, nombre, direccion, poblacion, telef, nif) values (962, 'Reina', '3525 Farmco Crossing', 'Orhon', '929-452-3747', '94766960S');
insert into cliente (id, nombre, direccion, poblacion, telef, nif) values (963, 'Culley', '17239 Shoshone Crossing', 'Kachia', '435-663-8365', '05771932J');
insert into cliente (id, nombre, direccion, poblacion, telef, nif) values (964, 'Tracie', '5 Sachs Road', 'Espérance Trébuchet', '152-868-1494', '97182263K');
insert into cliente (id, nombre, direccion, poblacion, telef, nif) values (965, 'Toma', '678 Memorial Way', 'Pengxing', '352-613-2831', '82391757G');
insert into cliente (id, nombre, direccion, poblacion, telef, nif) values (966, 'Violante', '8 Moose Terrace', 'Pishaj', '399-321-3835', '81362091E');
insert into cliente (id, nombre, direccion, poblacion, telef, nif) values (967, 'Arline', '469 Mcbride Hill', 'Nārang', '567-608-9000', '96337565V');
insert into cliente (id, nombre, direccion, poblacion, telef, nif) values (968, 'Trish', '768 Memorial Park', 'Nogueira do Cravo', '596-827-9791', '78867174L');
insert into cliente (id, nombre, direccion, poblacion, telef, nif) values (969, 'Veronike', '57681 Express Drive', 'Seara', '205-291-6235', '23269904R');
insert into cliente (id, nombre, direccion, poblacion, telef, nif) values (970, 'Naoma', '6082 Grayhawk Plaza', 'Guangpu', '714-758-5463', '94465776W');
insert into cliente (id, nombre, direccion, poblacion, telef, nif) values (971, 'Isabelle', '8 Menomonie Junction', 'Concepcion', '433-324-0297', '97147552H');
insert into cliente (id, nombre, direccion, poblacion, telef, nif) values (972, 'Olenolin', '40 Rieder Alley', 'La Plata', '501-130-4752', '18643313Y');
insert into cliente (id, nombre, direccion, poblacion, telef, nif) values (973, 'Catriona', '22532 2nd Street', 'Ronneby', '987-530-1862', '98477895N');
insert into cliente (id, nombre, direccion, poblacion, telef, nif) values (974, 'Roberto', '16 Meadow Ridge Way', 'Tungguwaneng', '382-414-1657', '74651120M');
insert into cliente (id, nombre, direccion, poblacion, telef, nif) values (975, 'Duke', '814 Aberg Center', 'Lakatnik', '280-791-8768', '62329046K');
insert into cliente (id, nombre, direccion, poblacion, telef, nif) values (976, 'Diarmid', '38 Toban Hill', 'Lomboy', '620-998-4209', '52171812A');
insert into cliente (id, nombre, direccion, poblacion, telef, nif) values (977, 'Omar', '58976 Pearson Junction', 'Peras Ruivas', '881-205-0999', '22594975T');
insert into cliente (id, nombre, direccion, poblacion, telef, nif) values (978, 'Erika', '030 Donald Way', 'Xibing', '403-158-0953', '50847218L');
insert into cliente (id, nombre, direccion, poblacion, telef, nif) values (979, 'Harriet', '11760 Merry Point', 'Verblyany', '948-757-1307', '37805847O');
insert into cliente (id, nombre, direccion, poblacion, telef, nif) values (980, 'Kessia', '9 Columbus Court', 'Waerana', '620-225-7412', '24303513C');
insert into cliente (id, nombre, direccion, poblacion, telef, nif) values (981, 'Artemus', '906 Declaration Avenue', 'Jiangqiao', '538-924-2801', '04706087J');
insert into cliente (id, nombre, direccion, poblacion, telef, nif) values (982, 'Myrlene', '1816 Westport Way', 'Tilburg', '907-318-6836', '23352261N');
insert into cliente (id, nombre, direccion, poblacion, telef, nif) values (983, 'Linnie', '4 Pankratz Road', 'Paramaribo', '802-929-8823', '77145377X');
insert into cliente (id, nombre, direccion, poblacion, telef, nif) values (984, 'Tallou', '05610 Thierer Alley', 'Perfilovo', '526-912-4771', '30172258H');
insert into cliente (id, nombre, direccion, poblacion, telef, nif) values (985, 'Gerrard', '05628 Florence Parkway', 'Bayan Hure', '423-277-8065', '85897923J');
insert into cliente (id, nombre, direccion, poblacion, telef, nif) values (986, 'Lissy', '63368 Eastwood Hill', 'Muting', '927-246-7948', '45048415B');
insert into cliente (id, nombre, direccion, poblacion, telef, nif) values (987, 'Fayette', '64 Monica Junction', 'Soio', '192-541-2582', '64151087K');
insert into cliente (id, nombre, direccion, poblacion, telef, nif) values (988, 'Frederich', '8 Duke Place', 'Wako', '106-631-0675', '78782955K');
insert into cliente (id, nombre, direccion, poblacion, telef, nif) values (989, 'Cacilia', '853 Gateway Place', 'Dežanovac', '824-703-5855', '51599792Q');
insert into cliente (id, nombre, direccion, poblacion, telef, nif) values (990, 'Gregoire', '15 Leroy Center', 'Drzewica', '770-604-5739', '23701962J');
insert into cliente (id, nombre, direccion, poblacion, telef, nif) values (991, 'Reuben', '03 Colorado Circle', 'Ujazd', '871-403-6694', '20429088D');
insert into cliente (id, nombre, direccion, poblacion, telef, nif) values (992, 'Fiann', '5129 Forest Dale Place', 'Chornorudka', '358-711-6364', '36427569T');
insert into cliente (id, nombre, direccion, poblacion, telef, nif) values (993, 'Kirby', '2 Buhler Crossing', 'Xianxiang', '359-997-0769', '77914529N');
insert into cliente (id, nombre, direccion, poblacion, telef, nif) values (994, 'Trista', '516 Homewood Alley', 'Masumbwe', '296-898-9130', '31665245E');
insert into cliente (id, nombre, direccion, poblacion, telef, nif) values (995, 'Ricard', '97063 Boyd Pass', 'Vilarelho', '984-361-7334', '01145667B');
insert into cliente (id, nombre, direccion, poblacion, telef, nif) values (996, 'Rea', '7434 Birchwood Center', 'Laborde', '142-631-3852', '07558274E');
insert into cliente (id, nombre, direccion, poblacion, telef, nif) values (997, 'Reynold', '7 Larry Trail', 'Eastern Suburbs Mc', '772-883-3119', '23992392D');
insert into cliente (id, nombre, direccion, poblacion, telef, nif) values (998, 'Dayle', '220 Mendota Road', 'Ladário', '278-598-1004', '40734428Q');
insert into cliente (id, nombre, direccion, poblacion, telef, nif) values (999, 'Crosby', '7 Nobel Center', 'Pahārpur', '788-208-5541', '29205193P');
insert into cliente (id, nombre, direccion, poblacion, telef, nif) values (1000, 'Austin', '502 Fallview Plaza', 'Bhāndāria', '365-233-8962', '86161944P');
